model,target,validity_mean,validity_std,uniqueness_mean,uniqueness_std,internal_diversity_mean,internal_diversity_std,scaffold_diversity_mean,scaffold_diversity_std,mean_qed_mean,mean_qed_std,mean_sa_mean,mean_sa_std,fragment_incorporation_mean,fragment_incorporation_std,fraction_medchem_pass_mean,fraction_medchem_pass_std,fraction_pains_free_mean,fraction_pains_free_std,fraction_bms_free_mean,fraction_bms_free_std,fraction_lipinski_mean,fraction_lipinski_std,novelty_mean,novelty_std,nonidenticality_mean,nonidenticality_std,effective_novelty_mean,effective_novelty_std,snn_mean,snn_std,effective_hit_rate_mean,effective_hit_rate_std,effective_medchem_pass_mean,effective_medchem_pass_std,mean_qed_novel_mean,mean_qed_novel_std,mean_sa_novel_mean,mean_sa_novel_std,avg_top_1_mean,avg_top_1_std,avg_top_10_mean,avg_top_10_std,avg_top_100_mean,avg_top_100_std,avg_top_1_norm_mean,avg_top_1_norm_std,avg_top_10_norm_mean,avg_top_10_norm_std,avg_top_100_norm_mean,avg_top_100_norm_std,auc_top_10_mean,auc_top_10_std,valid_pose_rate_mean,valid_pose_rate_std,oracle_efficiency_80_mean,oracle_efficiency_80_std,oracle_efficiency_100_mean,oracle_efficiency_100_std,avg_top_1_filtered_mean,avg_top_1_filtered_std,avg_top_10_filtered_mean,avg_top_10_filtered_std,avg_top_100_filtered_mean,avg_top_100_filtered_std,auc_top_10_filtered_mean,auc_top_10_filtered_std,n_molecules_total_mean,n_molecules_total_std,n_molecules_attempted_mean,n_molecules_attempted_std,total_gen_time_mean,total_gen_time_std,avg_gen_time_per_mol_mean,avg_gen_time_per_mol_std,total_eval_time_mean,total_eval_time_std,avg_eval_time_per_mol_mean,avg_eval_time_per_mol_std,total_time_mean,total_time_std,avg_time_per_mol_mean,avg_time_per_mol_std
A2C,CHK1,0.23426855043570663,0.019071682421210354,0.7946392567377979,0.043881116072784526,0.7169235037659825,0.0035514528595623433,0.6052705106995114,0.060855501677068144,0.5152219857120633,0.019793487163219936,2.683156737573622,0.034499485141429975,1.0,0.0,0.9718563547719106,0.01214333423254337,0.9967876787678767,0.002950074176578373,0.977175913426805,0.011795280449701023,0.9575369069865596,0.01590485303924501,0.9989473684210527,0.0023537557657892466,0.0016906888319037933,0.002334444006698117,0.0003990033870511958,0.0005463589083393916,0.3426903305424459,0.010482851077514191,0.18591758346992138,0.0174155790631553,0.9718340768548958,0.012127164354338022,0.5151289823921437,0.019874065064954025,2.6838136387547653,0.035002720636708964,1.0246728971962618,0.0586540745636868,0.8273644859813085,0.04122747600459973,0.4959738317757008,0.04346994226891673,1.0246728971962618,0.0586540745636868,0.8273644859813085,0.04122747600459973,0.4959738317757008,0.04346994226891673,0.7146881986146909,0.03912023176597701,1.0,0.0,164.4,56.98069848641731,1016.6,24.110163831878047,1.0246728971962618,0.0586540745636868,0.8273644859813085,0.04122747600459973,0.4959738317757008,0.04346994226891673,0.7181201189760191,0.037705926304313034,1016.6,24.110163831878047,229.6,19.781304304822775,105.874,7.966287089981126,0.1041,0.006633626459185051,402.166,36.0668758003795,1.75918,0.19111079770646128,508.038,31.242348983391125,1.86326,0.1918801266416092
A2C,DPP4,0.6873895395058709,0.024272987448380485,0.9941146806210357,0.00331543714155149,0.7438780013868589,0.005242174068892476,0.7307092932585049,0.03810943119100016,0.6771537539539891,0.016360852159813036,3.4811921720271912,0.03210217085364605,0.7194949514421389,0.027356943784409022,0.9540536646726828,0.007150760671281194,0.9948820488713052,0.002374455003475386,0.9504676323750567,0.009407242693227777,0.8715539902680607,0.01811032254428587,1.0,0.0,0.0022917248317567435,0.0016723153377628558,0.001563264432485323,0.0011137890505891123,0.3182995473924146,0.004517339245243409,0.4916076779598826,0.024388371703148736,0.9540536646726828,0.007150760671281194,0.6771537539539891,0.016360852159813036,3.4811921720271912,0.03210217085364605,1.6860095389507155,0.24597374319182524,1.3511923688394276,0.1121881867547679,0.8528934817170102,0.05835882105443833,1.6860095389507155,0.24597374319182524,1.3511923688394276,0.1121881867547679,0.8528934817170102,0.05835882105443833,1.052622122236789,0.09851059672037148,1.0,0.0,394.6,174.1617064684427,279.2,139.5051970358094,1.6860095389507155,0.24597374319182524,1.3511923688394276,0.1121881867547679,0.8528934817170102,0.05835882105443833,1.0526303891450444,0.09850687330476524,1023.6,0.8944271909999222,472.6,21.570813614697055,84.756,11.637157298928287,0.0828,0.011325855376085287,557.23,21.802979154234837,1.18078,0.06614353331959218,641.988,31.911881329686643,1.26358,0.07375403039834497
A2C,ITK,0.9396484375,0.009119232445256833,0.9989630332571281,0.0014633423863265177,0.8195125890171271,0.003380700162255069,0.928765110635237,0.02209946501378871,0.6136276907706105,0.013049524412105605,2.889149310809988,0.034522821934770395,0.7763377572035022,0.053361953468855,0.9648215590130986,0.005231261562166381,0.9860671498677732,0.005064712103571303,0.9785526437890774,0.003123093008929275,0.8993316155997053,0.02011998387755885,1.0,0.0,0.0,0.0,0.0,0.0,0.23863876541770002,0.004242106222319388,0.7287109375,0.050116784085964046,0.9648215590130986,0.005231261562166381,0.6136276907706105,0.013049524412105605,2.889149310809988,0.034522821934770395,1.9686468646864692,0.26034916044948664,1.7022277227722775,0.12679937137200362,1.1335808580858084,0.0659911027598072,1.9686468646864692,0.26034916044948664,1.7022277227722775,0.12679937137200362,1.1335808580858084,0.0659911027598072,1.2957047767765062,0.1181412032898562,1.0,0.0,429.8,190.1728161436329,192.8,63.747156799342825,1.9686468646864692,0.26034916044948664,1.7022277227722775,0.12679937137200362,1.1335808580858084,0.0659911027598072,1.2957047767765062,0.1181412032898562,1024.0,0.0,704.0,50.4925737113885,64.248,7.947481991171798,0.06274,0.007791212999270395,1200.7559999999999,279.87860355875716,1.6912599999999998,0.2886924366865195,1265.0040000000001,284.539537112156,1.75402,0.2928199907793182
A2C,PEPCK,0.907565882428532,0.06289005981242438,0.6534050904760447,0.021079229750743975,0.4644830045211271,0.005529942498810102,0.3000984949234297,0.01755401589782269,0.36559662901301626,0.009883568822005693,2.794290636275588,0.026554690570262326,1.0,0.0,0.9399622637032505,0.01459913139386183,0.9990228013029316,0.0021850827141691857,0.9785483974798069,0.0029434083644102314,0.49996156899400485,0.06470447868438828,0.9966528601753593,0.0003195426738256291,0.0,0.0,0.0,0.0,0.630792668004494,0.008631138599083172,0.5915266918553224,0.052615122776232204,0.9397634935647007,0.014634603894786066,0.36537193370069254,0.009900509824128701,2.7953889060464703,0.0265970484583982,1.8260869565217395,0.16681527742016083,1.544426877470356,0.08105109080139286,1.1951146245059285,0.05482325004350539,1.8260869565217395,0.16681527742016083,1.544426877470356,0.08105109080139286,1.1951146245059285,0.05482325004350539,1.2932789045346706,0.054515227682522364,1.0,0.0,393.6,133.45148931353296,100.2,28.09270367906941,1.8260869565217395,0.16681527742016083,1.544426877470356,0.08105109080139286,1.1951146245059285,0.05482325004350539,1.2958271384698914,0.05494574541738671,1013.8,24.78305872970485,869.6,59.00254231810693,94.154,7.486476474283476,0.09286,0.006431796016665959,2303.918,145.2683916755467,2.66,0.25283919791045073,2398.074,149.06756112581985,2.75286,0.25893191769266277
A2C,PptT,0.03604760975694782,0.024370569992365962,0.8814729544785951,0.10719198180001138,0.6024953532317714,0.029438090038419046,0.5821428571428571,0.10791717555628184,0.5167783947451724,0.09794701077614845,2.822302737099018,0.24173676234232924,1.0,0.0,0.8701587301587301,0.05705677902761242,1.0,0.0,0.9968253968253968,0.007098628499999346,0.7773809523809524,0.09936643829259917,0.36666666666666664,0.30953382538739915,0.0027397260273972603,0.006126213636985725,0.0001990049751243781,0.00044498865223876403,0.760129766845149,0.2018758589089047,0.015689357887642898,0.01952487331383741,0.9958333333333332,0.009316949906249148,0.6655939130487402,0.08465711456957381,2.361659547570483,0.27134248165846175,0.73757589386103,0.014168638634606085,0.46586462783899263,0.0055559447660604964,0.272795556408444,0.09296306236973448,0.73757589386103,0.014168638634606085,0.46586462783899263,0.0055559447660604964,0.24534067634054493,0.09987962189179017,0.4598024148612966,0.0031331544847105915,1.0,0.0,12.8,0.44721359549995776,1013.4,7.092249290598851,0.73757589386103,0.014168638634606085,0.46586462783899263,0.0055559447660604964,0.272795556408444,0.09296306236973448,0.46130794546903575,0.0031426020525930983,1013.4,7.092249290598851,32.2,23.44568190520378,0.0,0.0,0.0,0.0,126.1,73.21614780907282,4.30802,0.8651085521482259,126.1,73.21614780907282,4.30802,0.8651085521482259
A2C,TTK,0.674733130491958,0.1005186829712926,0.9945299344573433,0.006253996494322594,0.7263640094295382,0.00662978407238454,0.678180998110434,0.025344591330287873,0.595665763150208,0.03628372028306883,2.7598875993910843,0.0715834000199617,1.0,0.0,0.9433672017388683,0.011488464167140468,0.9978815785664784,0.0018291314165179585,0.9543345077962476,0.007292548414745115,0.8746661872227625,0.04593329229118757,1.0,0.0,0.0,0.0,0.0,0.0,0.3050960124899552,0.006171860685296401,0.671212728722982,0.10159468312893255,0.9433672017388683,0.011488464167140468,0.595665763150208,0.03628372028306883,2.7598875993910843,0.0715834000199617,1.1987829614604464,0.29842163691982976,0.9552738336713995,0.12508143852543804,0.6247464503042595,0.10036052823131955,1.1987829614604464,0.29842163691982976,0.9552738336713995,0.12508143852543804,0.6247464503042595,0.10036052823131955,0.7775138855068007,0.1206522755724684,1.0,0.0,281.0,121.01652779682617,788.8,323.6274092223958,1.1987829614604464,0.29842163691982976,0.9552738336713995,0.12508143852543804,0.6247464503042595,0.10036052823131955,0.777923786780714,0.12082836306029045,1023.2,0.8366600265340772,635.2,93.32309467650545,81.572,9.96926877960465,0.07972,0.009694947137555728,1097.83,247.23803065062629,1.72116,0.23068227716927014,1179.402,252.64989594298274,1.8008600000000001,0.23994729212891733
A2C,VEGFR2,0.024539814599722216,0.004976641483796528,1.0,0.0,0.6959780412228016,0.014588738409041757,0.8406984381842066,0.04430782278017084,0.6496583060068244,0.035293018544867896,3.0239932066788136,0.23735388280550654,1.0,0.0,0.9332092638544252,0.04689769774554548,0.9492349048800662,0.03745774599303246,0.9839743589743589,0.021973251924362287,0.9236765922249793,0.07243559047869062,1.0,0.0,0.0,0.0,0.0,0.0,0.2048326012561405,0.006463860627882523,0.024539814599722216,0.004976641483796528,0.9332092638544252,0.04689769774554548,0.6496583060068244,0.035293018544867896,3.0239932066788136,0.23735388280550654,0.1610681658468025,0.27335727575194646,0.06009838369641605,0.08402954603388198,0.06009838369641605,0.08402954603388198,-0.6444132115249472,1.0330825921434952,-0.8214335910049192,0.8128873141928663,-0.8214335910049192,0.8128873141928663,0.004638400261212467,0.006969071463319795,1.0,0.0,268.4,372.4564404061232,1010.2,5.06951674225462,0.1610681658468025,0.27335727575194646,0.06009838369641605,0.08402954603388198,0.06009838369641605,0.08402954603388198,0.004780912230118931,0.007050042011364919,1010.2,5.06951674225462,22.8,4.147288270665544,47.364,3.101311013103975,0.04688,0.003101934880038591,148.69400000000002,46.9996035089659,6.48568,1.500740689459708,196.058,48.396922629439985,6.53258,1.5005941779841747
AHC,CHK1,0.28611747586265074,0.024727457605075134,0.8936796515073654,0.021007753853570246,0.7311258263057344,0.001940817623770845,0.6608935099475619,0.04845825114134309,0.4979332544158567,0.004948139003088366,2.7551058768796595,0.021639280508911223,1.0,0.0,0.9556770320505846,0.011054100945067029,0.9870331523371872,0.008214521766149513,0.9711587219520738,0.005394360491771348,0.9513487130305236,0.01319725901957688,0.9992395437262356,0.0017004319220530835,0.0019280744404392657,0.002847576127552346,0.0005911341536404692,0.0008806685194533846,0.32482542993865754,0.006946935120003913,0.2553804214472846,0.02151673402038713,0.955636396982521,0.011095334396793548,0.49786559839740796,0.0048991690733846795,2.755605784960509,0.021146875351568242,1.005607476635514,0.027247438760959298,0.8880373831775703,0.014744453176269446,0.5858355140186917,0.026355310531695677,1.005607476635514,0.027247438760959298,0.8880373831775703,0.014744453176269446,0.5858355140186917,0.026355310531695677,0.7332791800398053,0.023024912861563402,1.0,0.0,251.6,75.07529553721383,1015.8,5.06951674225463,1.005607476635514,0.027247438760959298,0.8880373831775703,0.014744453176269446,0.5858355140186917,0.026355310531695677,0.7372774154772708,0.02139178947567162,1015.8,5.06951674225463,274.0,24.515301344262525,111.78399999999999,15.873765463808525,0.11002,0.015378133826963535,962.624,146.70340360741469,3.5720799999999997,0.8910741590911497,1074.408,160.69625810827074,3.68208,0.9057271564880893
AHC,DPP4,0.6290564168095004,0.039273802507107006,0.984952447850595,0.014211920373279422,0.7411852668884082,0.009320377699417955,0.7384053916434276,0.03522639148493026,0.6783475543133458,0.030975661546848318,3.439935779717243,0.06667770211649414,0.6998488991487879,0.010994445911988383,0.9424382973918337,0.016428124037466997,0.9944696941529136,0.00432058698176128,0.9449792478392576,0.00921507134866455,0.8684704174044523,0.03080681594403244,1.0,0.0,0.003910737601398466,0.0028911082427684515,0.00253963638589618,0.0020244899272384713,0.3217232490672889,0.006722806422976104,0.43401689520078357,0.03508079284376128,0.9424382973918337,0.016428124037466997,0.6783475543133458,0.030975661546848318,3.439935779717243,0.06667770211649414,1.5262321144674083,0.1392345567301197,1.2905405405405403,0.10795895911810661,0.8061208267090615,0.0777101228876481,1.5262321144674083,0.1392345567301197,1.2905405405405403,0.10795895911810661,0.8061208267090615,0.0777101228876481,0.9968906758057805,0.08327912175994291,1.0,0.0,398.8,134.75236547088886,370.8,107.26229533251654,1.5262321144674083,0.1392345567301197,1.2905405405405403,0.10795895911810661,0.8061208267090615,0.0777101228876481,0.9969002511185211,0.08327980741160844,1023.4,1.3416407864998754,418.0,27.31300056749532,93.338,7.556650713113582,0.0912,0.007314711204141963,876.3960000000001,155.31925791736194,2.10444,0.41942058008638544,969.734,160.01752350914578,2.19562,0.42469846008668316
AHC,ITK,0.91484375,0.010728862474197083,1.0,0.0,0.8224451985513568,0.0027502428622049597,0.9643356657627649,0.014635461257644233,0.5489018753842035,0.039672533974059454,2.9683080215789164,0.028097905140918093,0.7751424710659127,0.027699333202817825,0.9487626176064904,0.00857967490716414,0.9835718737313336,0.0026048104638558764,0.9677351304119421,0.003542483217241962,0.8103050063211803,0.07403216851387356,1.0,0.0,0.00021668472372697725,0.0004845217719392827,0.0001953125,0.00043673202685542766,0.23615815156999936,0.003432465653645326,0.7091796875,0.0281124510849883,0.9487626176064904,0.00857967490716414,0.5489018753842035,0.039672533974059454,2.9683080215789164,0.028097905140918093,1.9727722772277232,0.19582460346338373,1.611716171617162,0.1124272939075921,1.081080858085809,0.06770318956856494,1.9727722772277232,0.19582460346338373,1.611716171617162,0.1124272939075921,1.081080858085809,0.06770318956856494,1.157412367213284,0.08618077090602475,1.0,0.0,522.4,122.77133215861103,317.8,92.70221140835854,1.9727722772277232,0.19582460346338373,1.611716171617162,0.1124272939075921,1.081080858085809,0.06770318956856494,1.157412367213284,0.08618077090602475,1024.0,0.0,670.8,27.39890508761253,73.0,12.689529148081105,0.07128,0.01240028225485211,2333.752,601.4491863158518,3.4691,0.8306974238554011,2406.75,612.8963902243186,3.5403800000000003,0.8421698474773365
AHC,PEPCK,0.6677224813824947,0.029188832763300167,0.7765888277672606,0.024441704365938836,0.49177386008784474,0.0036505620385842144,0.3275232552094794,0.0250985919808292,0.3494286049875791,0.008268295621660409,2.828442773266072,0.015963092650079846,1.0,0.0,0.9019641237673541,0.012550571367718182,0.9988648984850504,0.0016553109773170126,0.9748398109789893,0.003023436631814777,0.4365013840486135,0.03736810426595035,0.9969384914243549,0.0010631317976254905,0.0,0.0,0.0,0.0,0.6055983623495855,0.006255868911483831,0.5167004411612557,0.02097907599869083,0.9016668209383278,0.012555067331180312,0.34916157124102587,0.008273583526911509,2.829545376602906,0.015825965298077886,1.8924901185770753,0.1791128863299953,1.6152569169960476,0.07707945665191261,1.178584980237154,0.0364557327487624,1.8924901185770753,0.1791128863299953,1.6152569169960476,0.07707945665191261,1.178584980237154,0.0364557327487624,1.2992843255155495,0.06019372963709402,1.0,0.0,422.0,79.16754385478939,97.4,16.16477652180815,1.8924901185770753,0.1791128863299953,1.6152569169960476,0.07707945665191261,1.178584980237154,0.0364557327487624,1.301717375847129,0.059910466302878274,1010.2,3.1937438845342716,618.8,31.53886491299265,104.896,11.297766593446687,0.10384,0.011184498200634663,3195.7239999999997,784.0455090618145,5.1852800000000006,1.3672465238573477,3300.62,795.1540858223644,5.2891,1.3781837540763568
AHC,PptT,0.04943344989842931,0.04770543311165625,0.9212974122651542,0.08140198030694121,0.5941942779429855,0.03005982441047905,0.5291166816006817,0.11104481527927523,0.5442911486072506,0.11366813882258046,2.7546940320766815,0.2874257616378441,1.0,0.0,0.8815579841393578,0.064347982787403,1.0,0.0,0.9943572562158349,0.008428221368775734,0.8024397466350592,0.11652248007902719,0.4360036396176147,0.3534069106050774,0.0,0.0,0.0,0.0,0.7150746685176926,0.23079741951341876,0.028180719988425938,0.037947665427302386,0.9925629290617849,0.01155549764114653,0.7219090933883575,0.037227456170802496,2.407443332487092,0.3855702793017762,0.7492691702271195,0.010999142884097675,0.47391499887564653,0.009919194132871213,0.288715983434471,0.09922757920791701,0.7492691702271195,0.010999142884097675,0.47391499887564653,0.009919194132871213,0.2717365046154362,0.10470219888654664,0.4688941157178772,0.008807092999892489,1.0,0.0,13.0,0.0,1028.2,23.668544526438453,0.7492691702271195,0.010999142884097675,0.47391499887564653,0.009919194132871213,0.288715983434471,0.09922757920791701,0.4703554809951623,0.008803836947452919,1028.2,23.668544526438453,43.8,46.42951647389837,0.0,0.0,0.0,0.0,117.252,79.63050715649122,3.44572,1.0924451505682107,117.252,79.63050715649122,3.44572,1.0924451505682107
AHC,TTK,0.5365719707431138,0.04483601046304379,0.9877722506931665,0.007758028728130057,0.7226901252751736,0.005779409783191428,0.657444452936746,0.03014318686745029,0.5924078693536979,0.015364573549689375,2.683385400468949,0.04279100006689144,1.0,0.0,0.9203959607948718,0.021391967015142403,0.9929025391583528,0.003438569222848042,0.9324783186653489,0.019290646837418438,0.8849809970154714,0.01812510822111375,1.0,0.0,0.0,0.0,0.0,0.0,0.3038721225991762,0.001251310855723875,0.5301213102046999,0.04607962531231426,0.9203959607948718,0.021391967015142403,0.5924078693536979,0.015364573549689375,2.683385400468949,0.04279100006689144,1.2626774847870181,0.14241730902620298,0.9462981744421907,0.045122728527312764,0.5763184584178498,0.04668410745460516,1.2626774847870181,0.14241730902620298,0.9462981744421907,0.045122728527312764,0.5763184584178498,0.04668410745460516,0.6867127598814167,0.02630308494297608,1.0,0.0,470.6,35.23208764748407,1023.2,0.8366600265340858,1.2626774847870181,0.14241730902620298,0.9462981744421907,0.045122728527312764,0.5763184584178498,0.04668410745460516,0.6870290474292773,0.02658795985523228,1023.2,0.8366600265340858,493.4,30.418744221285667,88.64,4.8853659023659635,0.08664000000000001,0.004798749837197186,1650.172,433.08013186938064,3.35254,0.8667953755068146,1738.812,437.4822190329567,3.4391799999999995,0.8705032205569372
AHC,VEGFR2,0.01592425605865409,0.0013715418851896963,0.9875,0.027950849718747367,0.6905717114138642,0.015457584815928968,0.8850396825396825,0.07001517175324344,0.6349902914985285,0.01914447232519068,2.8703176474705754,0.27014307268969867,1.0,0.0,0.9519444444444444,0.047827009518745495,0.9755555555555556,0.03370166864022912,0.976388888888889,0.0324239375831354,0.9491666666666667,0.05257270098529168,1.0,0.0,0.0,0.0,0.0,0.0,0.2133314277652468,0.0060889892913022926,0.015726627600156067,0.0014603856008634404,0.9519444444444444,0.047827009518745495,0.6349902914985285,0.01914447232519068,2.8703176474705754,0.27014307268969867,0.0,0.0,0.0,0.0,0.0,0.0,-0.694869992972593,0.9514899242113636,-0.6881939564300772,0.9424222820477806,-0.6881939564300772,0.9424222820477806,0.0,0.0,0.4,0.5477225575051661,602.6,549.186944491582,1004.6,4.878524367060189,0.0,0.0,0.0,0.0,0.0,0.0,0.0,0.0,1004.6,4.878524367060189,15.0,1.0,50.156,13.801318052997692,0.04994,0.013855612581188894,375.632,72.8188259998745,24.98556,4.153601880055431,425.78599999999994,82.91310620161325,25.035519999999998,4.164562316978821
GenMol,CHK1,1.0,0.0,0.6856,0.025442091109026347,0.7172438017594002,0.027606145625103,0.4402561114256137,0.06423797113694031,0.4279959393570375,0.04027200022360563,3.0258182776141678,0.18134322941999798,0.905491390180764,0.023920147781299878,0.7530927755463728,0.09299610068867313,0.9929619979671106,0.004494551538928124,0.8915551370579455,0.04808595607454891,0.5828942072844234,0.12974288334321424,0.9982536367383215,0.0018998180236594901,0.027000000000000003,0.016155494421403512,0.0262,0.015106290080625355,0.28394984601545115,0.07610881356701407,0.6195999999999999,0.02779028607265496,0.7527199694155483,0.09282828117754978,0.4277345856072068,0.039961411060992456,3.0268166884535916,0.18114977617475128,1.1521495327102804,0.13575936539715666,0.9865046728971965,0.0622521673794263,0.8007214953271028,0.027305569587388966,1.1521495327102804,0.13575936539715666,0.9865046728971965,0.0622521673794263,0.8007214953271028,0.027305569587388966,0.7812632529298325,0.02070343358136214,1.0,0.0,418.0,199.30504258548,992.0,7.582875444051546,1.1521495327102804,0.13575936539715666,0.9865046728971965,0.0622521673794263,0.8007214953271028,0.027305569587388966,0.7818003864411809,0.020957353287122983,1000.0,0.0,669.0,57.879184513951124,364.048,10.084556014024587,0.36404000000000003,0.010068664260963308,1758.422,825.9057409716924,2.6032,1.0778477188360143,2122.4700000000003,823.222562008598,2.96726,1.0759340351527134
GenMol,DPP4,1.0,0.0,0.6921999999999999,0.039531000493283716,0.778872088137198,0.016287055903648543,0.46611897388017354,0.03905390953418471,0.7172962239440286,0.03286330269729172,3.17441872667776,0.03317849670694616,0.28770503665701286,0.04722799266298672,0.8968236827995195,0.03770308952562148,0.9912042545040471,0.009608624870648133,0.8391633973245531,0.015029239461253936,0.8793736471549248,0.07113129410244962,0.9986027473370545,0.0017275331340071648,0.0026000000000000003,0.001341640786499874,0.0026000000000000003,0.001341640786499874,0.31280383123561223,0.05867915310248566,0.197,0.026009613607279908,0.896333543737992,0.03762781704792123,0.7170669802882517,0.03267537414537273,3.1744396944847724,0.03320394639279974,1.2766295707472177,0.31080471167762075,0.994276629570747,0.20827213461288444,0.6266295707472175,0.1776900900632684,1.2766295707472177,0.31080471167762075,0.994276629570747,0.20827213461288444,0.6266295707472175,0.1776900900632684,0.7130725119236884,0.11607588176245717,1.0,0.0,527.2,179.3842245014873,802.0,205.1377585916352,1.2766295707472177,0.31080471167762075,0.994276629570747,0.20827213461288444,0.6266295707472175,0.1776900900632684,0.7130725119236884,0.11607588176245717,1000.0,0.0,314.6,20.767763480933613,356.666,4.199705942086897,0.35666000000000003,0.004224097536752677,444.12,159.51813188474844,1.39406,0.4297082300817613,800.784,159.2023537200377,1.7507000000000001,0.429288539329901
GenMol,ITK,1.0,0.0,0.5976,0.046757887035237186,0.7683159147567403,0.015146313633289587,0.5270144543279823,0.011260431930919244,0.706487622572134,0.022307927068470085,2.7879994961796815,0.17767057595399277,0.703041680839886,0.040463442030253025,0.8775306390301234,0.0284608017753579,0.9902119634527808,0.004241790843837398,0.8902569685818353,0.022807421281849167,0.9639300513730505,0.041084870885625395,0.9962415688577819,0.0019729261030278847,0.0262,0.012214745187681977,0.0252,0.011432410069622242,0.37064598312404773,0.04937082912350241,0.4192,0.056166716122629065,0.8768238740728851,0.0288091869321451,0.706254886537765,0.02247390679258731,2.790499902134339,0.17682344938014444,1.5519801980198022,0.35423819943018564,1.343481848184819,0.2427985957761301,0.9405528052805282,0.158642394639883,1.5519801980198022,0.35423819943018564,1.343481848184819,0.2427985957761301,0.9405528052805282,0.158642394639883,0.9702188531353138,0.20635367898406365,1.0,0.0,541.2,66.82589318520179,463.0,254.42189371199956,1.5519801980198022,0.35423819943018564,1.343481848184819,0.2427985957761301,0.9405528052805282,0.158642394639883,0.9702188531353138,0.20635367898406365,1000.0,0.0,640.0,15.54027026792005,356.964,0.9625642835675942,0.35697999999999996,0.0009523654760647379,787.99,225.16670191216102,1.23148,0.35172261371711655,1144.9560000000001,225.6647200605359,1.5884399999999999,0.35219995457126346
GenMol,PEPCK,1.0,0.0,0.7064,0.01855532268649615,0.6789096251382155,0.0069058469128900285,0.4287889677960143,0.03282062297200267,0.45691226078839664,0.012610567800691383,2.955118117812142,0.08961394911626648,0.28915198210815474,0.01833523427437683,0.870268836414801,0.06840559510477634,0.9906073639675478,0.0027994721531621816,0.8941397745275118,0.013890470617686789,0.7162750643163183,0.05230935534545571,0.9980385988614332,0.0012473047861088931,0.0086,0.003361547262794322,0.0076,0.002607680962081059,0.46087017132175684,0.034382531264176036,0.203,0.015620499351813304,0.8696171134756199,0.06806481665308892,0.45705240838310235,0.012600871367408626,2.955918942821263,0.08994017556072084,1.4332015810276681,0.1385204919779313,1.2392094861660081,0.10778323479389353,0.9284189723320161,0.10992229882071777,1.4332015810276681,0.1385204919779313,1.2392094861660081,0.10778323479389353,0.9284189723320161,0.10992229882071777,1.0756659477382522,0.07382056053937976,1.0,0.0,242.8,200.29028933026183,193.8,180.41535411377825,1.4332015810276681,0.1385204919779313,1.2392094861660081,0.10778323479389353,0.9284189723320161,0.10992229882071777,1.0776498602170776,0.0745789022679431,1000.0,0.0,265.0,30.79772718886899,357.23400000000004,1.796894543371959,0.35724,0.0017994443586840916,1588.126,258.6302953638649,6.02046,0.9311103736936884,1945.3619999999999,259.16750784000686,6.37768,0.9309468685161364
GenMol,PptT,1.0,0.0,0.6018,0.035870600775565496,0.7134714900986965,0.006327802101788914,0.4703151562027957,0.03444820171776627,0.6614697066192657,0.03510537135222138,2.753180472892155,0.23344419488579524,0.7123868901023414,0.04301967914526577,0.8975804603913126,0.01941705352017484,0.9977074653273131,0.002472609856733143,0.9059767198807043,0.017750538385553457,0.9225519837215364,0.054539735035269765,1.0,0.0,0.0216,0.01386722755275906,0.019,0.011683321445547923,0.31076574526839573,0.01874160298166374,0.42960000000000004,0.04738459665334294,0.8975804603913126,0.01941705352017484,0.6614697066192657,0.03510537135222138,2.753180472892155,0.23344419488579524,0.5441870924218575,0.0757984392090727,0.4626264897683832,0.05218178966655425,0.33489093771081635,0.030197130706401367,0.5441870924218575,0.0757984392090727,0.4626264897683832,0.05218178966655425,0.33489093771081635,0.030197130706401367,0.35519642791109407,0.03445016861717318,1.0,0.0,431.4,159.5346357378234,1000.0,0.0,0.5441870924218575,0.0757984392090727,0.4626264897683832,0.05218178966655425,0.33489093771081635,0.030197130706401367,0.35527894214398154,0.03446541666433181,1000.0,0.0,671.6,12.541929676090513,711.872,10.0694026635148,0.7118599999999999,0.010085038423327938,852.866,169.19293581589037,1.2677,0.2380274669024564,1564.736,176.8055214918358,1.97956,0.2459720065373294
GenMol,TTK,1.0,0.0,0.6132,0.05173683407399413,0.7422464523847652,0.030138673700528806,0.4294768368751988,0.052075505047803894,0.6777385226938328,0.028842557189808955,2.761550266219426,0.04033056106465808,0.576077020557862,0.029498712622321604,0.8697882063934799,0.028707081711103748,0.9950140913742546,0.0015851611974396413,0.8500833369490909,0.019158043286321567,0.9136938935982852,0.04186303608052859,0.9983004353252763,0.0020435081681322953,0.014799999999999999,0.0032710854467592255,0.014599999999999998,0.0032093613071762423,0.3699373145086443,0.08074370595903012,0.3524,0.03693643187964967,0.8693958193906767,0.028889734101124,0.6776759757941655,0.029014665032525772,2.76231395318565,0.04048387967407109,1.0253549695740365,0.07677156538651338,0.8454361054766734,0.07626718372163702,0.5773174442190669,0.05973780043129705,1.0253549695740365,0.07677156538651338,0.8454361054766734,0.07626718372163702,0.5773174442190669,0.05973780043129705,0.6123845300476513,0.08622465122012805,1.0,0.0,519.4,310.06660574786184,1000.0,0.0,1.0253549695740365,0.07677156538651338,0.8454361054766734,0.07626718372163702,0.5773174442190669,0.05973780043129705,0.6124927961701921,0.08622860251254456,1000.0,0.0,552.6,27.409852243308425,356.072,1.374288907035197,0.35608,0.0014042791745233656,1158.132,274.1560431943823,2.0844,0.41907827431161354,1514.2040000000002,274.11845009046726,2.4404399999999997,0.4190502630950135
GenMol,VEGFR2,1.0,0.0,0.5396,0.01960357110324542,0.7760688858505447,0.02486759165681622,0.5200560555560603,0.06089841898213848,0.6211595200901969,0.018330138237970917,2.660226444724507,0.07804357599688481,0.7331868930688261,0.06904309403302583,0.864496458266651,0.026776519012287992,0.9937480241296198,0.004643783959749251,0.894247818134733,0.026040250643309393,0.9060540095640363,0.033868029886355136,0.9952454001939607,0.002306386297482765,0.0144,0.005412947441089742,0.0144,0.005412947441089742,0.372049733094265,0.02887011872250612,0.39239999999999997,0.032392900456735874,0.8635913754268921,0.026831264178328186,0.6211019116061944,0.018302552410740507,2.6622497460163275,0.07858596075193486,1.095572733661279,0.1952462283315922,0.9264230498945889,0.14297720860632546,0.5197540407589598,0.08541693610005889,1.095572733661279,0.1952462283315922,0.9264230498945889,0.14297720860632546,0.5197540407589598,0.08541693610005889,0.605765966268447,0.045922442418211244,1.0,0.0,550.4,254.3418958803288,991.6,10.039920318408912,1.095572733661279,0.1952462283315922,0.9264230498945889,0.14297720860632546,0.5197540407589598,0.08541693610005889,0.605765966268447,0.045922442418211244,1000.0,0.0,662.6,51.427619038800536,357.27200000000005,0.3719811823197479,0.35726,0.00039115214431215334,586.188,121.73039809349186,0.88414,0.1679658983246302,943.4619999999999,121.64226884598956,1.24144,0.16776451651049454
InVirtuoGen,CHK1,0.3582672566371682,0.1402696157232646,0.17459021869919106,0.044088244626113424,0.6653616262534463,0.047327187947203836,0.45442628145515157,0.1378911207387386,0.49078582456338726,0.056196553969161595,2.8737791884642627,0.11912048060706042,0.9285018863332116,0.06620700711402171,0.9279569892473118,0.064945058752235,0.9969696969696968,0.006775963568181185,0.9214514624153178,0.10106292277553097,0.6776644217426213,0.1365787518774217,1.0,0.0,0.658572160280934,0.22242100500879852,0.03036991150442478,0.01916805313799772,0.37346419340333864,0.0405496330857054,0.054638179519595445,0.011037132196107838,0.9279569892473118,0.064945058752235,0.49078582456338726,0.056196553969161595,2.8737791884642627,0.11912048060706042,0.6983177570093458,0.039265685313615344,0.6279999999999999,0.11849696310307677,0.40158242605260613,0.17271850287901347,0.6983177570093458,0.039265685313615344,0.6279999999999999,0.11849696310307677,0.40158242605260613,0.17271850287901347,0.5268025509075077,0.08057164766051894,1.0,0.0,234.8,138.9125624268734,958.2,93.4676414594912,0.6983177570093458,0.039265685313615344,0.6279999999999999,0.11849696310307677,0.40158242605260613,0.17271850287901347,0.5274635154528273,0.08091384033675632,1000.0,0.0,354.4,121.23035923398066,82.45599999999999,2.989678912525552,0.08244,0.0029879759035173004,1276.068,1125.9911127402381,3.2690399999999995,1.975892742028271,1358.52,1127.7515611826923,3.35148,1.977579210044442
InVirtuoGen,DPP4,0.8210000000000001,0.16107606898605392,0.7271222184068094,0.30251809308352345,0.6918633389999854,0.013063730435143622,0.4794247361591969,0.127586690368714,0.700512630596837,0.04102304507412506,3.432237726690579,0.04181993227424864,0.40408900259049335,0.10898359426718711,0.9404425975518412,0.038827662808611836,0.9975984488651628,0.002409286817100072,0.9315865974321635,0.036997807887775944,0.9833164410348898,0.015782876627856244,1.0,0.0,0.4756821237572469,0.2621234214392566,0.1826,0.05817473678496534,0.25711054550911266,0.005413856623804139,0.2792,0.1457110153694634,0.9404425975518412,0.038827662808611836,0.700512630596837,0.04102304507412506,3.432237726690579,0.04181993227424864,0.95389507154213,0.2655144794318036,0.722893481717011,0.16665067391841715,0.35562747828252184,0.1304984788998332,0.95389507154213,0.2655144794318036,0.722893481717011,0.16665067391841715,-0.16849637547760168,0.9477449633755631,0.4375204506397152,0.15007066688257534,1.0,0.0,681.8,85.09524075998608,1000.0,0.0,0.95389507154213,0.2655144794318036,0.722893481717011,0.16665067391841715,0.35562747828252184,0.1304984788998332,0.4375204506397152,0.15007066688257534,1000.0,0.0,278.4,131.43933962098257,72.228,4.815783425362893,0.07224,0.004793015752112654,281.43199999999996,129.68365864672387,1.10532,0.31954298145945875,353.662,125.0665357719642,1.17754,0.32076240895715946
InVirtuoGen,ITK,0.4536292134831461,0.06440847349649909,0.2723208224848378,0.3292165092252048,0.7973606182131051,0.011728085067084098,0.6719746572687749,0.06855301331600325,0.6916202114595391,0.025395395647194667,2.968356610160053,0.16206464645637825,0.5568417803711923,0.07335618709704439,0.8788329238329238,0.03615029513679998,0.9945945945945945,0.012086853932431264,0.873325070383894,0.0408212880342903,0.9923076923076923,0.01720052290384449,1.0,0.0,0.8124432474820628,0.13711382472477301,0.07503820224719102,0.096270110955325,0.1990674466361121,0.015747211220670965,0.073638202247191,0.09716927483117158,0.8788329238329238,0.03615029513679998,0.6916202114595391,0.025395395647194667,2.968356610160053,0.16206464645637825,0.9364686468646866,0.26242617890313413,0.7720297029702972,0.31437966053339994,0.43699209858092747,0.38427521532117226,0.9364686468646866,0.26242617890313413,0.7720297029702972,0.31437966053339994,0.3422519736250356,0.4422604085437869,0.5746585665401748,0.3442967915347076,1.0,0.0,327.8,209.91474459884898,686.2,438.8999886078832,0.9364686468646866,0.26242617890313413,0.7720297029702972,0.31437966053339994,0.43699209858092747,0.38427521532117226,0.5749282957719931,0.3438521850384939,1000.0,0.0,134.4,57.985342975617556,78.236,3.619852206927791,0.07824,0.003587896319572237,158.298,61.47228497461274,1.2582,0.3566450406216243,236.53400000000002,62.871338700555754,1.33642,0.3567330262254954
InVirtuoGen,PEPCK,0.15987053109492133,0.07750993871841677,0.7463303296621797,0.13546987799425267,0.4742403975682457,0.07215786887072143,0.5109238221832434,0.2587927540825512,0.3648436485865812,0.051333276360814285,3.1784244030946107,0.33519798760156677,0.9425746841340752,0.01384742356347393,0.8783943355503707,0.0684697125345564,1.0,0.0,0.8919702907885,0.06371178478839876,0.7054900375476196,0.22466397099784483,1.0,0.0,0.2222941372788964,0.13135289105505937,0.01999220779220779,0.014920796685243772,0.6073181714479458,0.07557081132887544,0.11188579875409144,0.0602184090993839,0.8783943355503707,0.0684697125345564,0.3648436485865812,0.051333276360814285,3.1784244030946107,0.33519798760156677,1.3715415019762847,0.38613384389943395,1.1215810276679843,0.37639424034146335,0.6617621416842485,0.19789506884077898,1.3715415019762847,0.38613384389943395,1.1215810276679843,0.37639424034146335,0.6490896310496137,0.2023966641138321,0.79044852451556,0.43075751185340844,1.0,0.0,199.2,156.52060567222452,199.6,118.56348510397288,1.3715415019762847,0.38613384389943395,1.1215810276679843,0.37639424034146335,0.6617621416842485,0.19789506884077898,0.8100938744085427,0.4246128082487983,816.4,410.5420806689614,81.2,49.45401904800054,70.386,19.898823583317682,0.14912,0.15637238247209767,533.7760000000001,355.8206387072004,5.84588,2.527316821650978,604.162,372.48065489364683,5.995,2.3805468594421746
InVirtuoGen,PptT,0.4492,0.08506879568913622,0.12333756866762335,0.07781759367582743,0.6585301075093848,0.041812242293972415,0.4651283649509786,0.12873277996422428,0.6477931327866703,0.05020012780885678,2.9543114293849015,0.2550652567793696,0.8368320716422192,0.09342112689091799,0.9109270950005091,0.042745194044222494,0.9917819706498952,0.011315318207010391,0.8927218755321551,0.04707764881690999,0.971006607073455,0.04325709061750144,1.0,0.0,0.8432529338789386,0.12716062890315083,0.0308,0.01273577637994637,0.32196814156768,0.03513616931522163,0.041800000000000004,0.014481022063376602,0.9109270950005091,0.042745194044222494,0.6477931327866703,0.05020012780885678,2.9543114293849015,0.2550652567793696,0.44097144142118283,0.14422348377639424,0.3928041376208681,0.08770081961600586,0.22346525747695095,0.09160518056255361,0.44097144142118283,0.14422348377639424,0.3928041376208681,0.08770081961600586,0.17203957724308538,0.14430250472821438,0.3239550565746125,0.050801204610368286,1.0,0.0,194.4,117.38313337102566,1000.0,0.0,0.44097144142118283,0.14422348377639424,0.3928041376208681,0.08770081961600586,0.22346525747695095,0.09160518056255361,0.3241446453467828,0.05085004956192049,1000.0,0.0,351.4,101.3276862461588,84.148,2.6180660801438873,0.08416,0.002617823523463718,401.426,127.08304816142868,1.28536,0.7495929181895996,485.576,125.91866414475653,1.36952,0.7481369072569539
InVirtuoGen,TTK,0.1676,0.033268603818014365,0.7588052332943974,0.043442483670622103,0.7011986523029364,0.005500286542510048,0.5685856196851167,0.06550629764879401,0.6015337971010734,0.0379549553607333,3.2292005818159266,0.4183980084066224,0.9600011825928073,0.007006102717946567,0.8136270962007266,0.052733044577250955,0.9693087151880381,0.015015473615994219,0.8542351887051616,0.03813825791932523,0.9226516892163747,0.06379488074123459,1.0,0.0,0.6085329462419246,0.06508232215824238,0.0708,0.022253089673121798,0.31179838889761735,0.022178264681595145,0.1226,0.027464522570035694,0.8136270962007266,0.052733044577250955,0.6015337971010734,0.0379549553607333,3.2292005818159266,0.4183980084066224,0.810344827586207,0.1332354797876154,0.5924442190669372,0.016978934124621776,0.20812087169085142,0.04853005299417035,0.810344827586207,0.1332354797876154,0.5924442190669372,0.016978934124621776,0.12356677551657269,0.0750845973612054,0.5243826716893654,0.027435080274205114,1.0,0.0,114.6,58.372082368200644,1000.0,0.0,0.810344827586207,0.1332354797876154,0.5924442190669372,0.016978934124621776,0.20812087169085142,0.04853005299417035,0.5252621476464149,0.027447952950877656,1000.0,0.0,131.0,29.231831964486936,81.24,3.406280963162031,0.08124,0.0034399127895922027,547.616,93.61714629275984,4.2816600000000005,0.8052051993125726,628.8520000000001,95.0045444702515,4.3628599999999995,0.8038855036633018
InVirtuoGen,VEGFR2,0.5736,0.3569261828445764,0.7403057343781252,0.35680942200053195,0.7294098179607796,0.017783975033391127,0.8368057656119718,0.11958005776120921,0.629781559810973,0.054760076999565054,3.418394314335509,0.18598265949197867,0.9580316500901542,0.05663781406044816,0.8663849741152839,0.07940583626655788,0.9507166562167096,0.05735032294734816,0.9335368089473899,0.039874703365343815,0.9205843864913426,0.07663311055277112,1.0,0.0,0.2771895383962325,0.37739915673244906,0.0128,0.015722595205626837,0.23832654432854494,0.02181046924672662,0.5224,0.42501094103563963,0.8663849741152839,0.07940583626655788,0.629781559810973,0.054760076999565054,3.418394314335509,0.18598265949197867,0.702740688685875,0.3695290263550489,0.5455938158819397,0.3413285364731348,0.2152397508176625,0.15666966983859068,0.702740688685875,0.3695290263550489,0.4170765987350668,0.6028731334211368,-0.17779585118805455,0.7016582154529841,0.3849750054099878,0.2479328637117603,1.0,0.0,433.0,254.56040540508258,1000.0,0.0,0.702740688685875,0.3695290263550489,0.5455938158819397,0.3413285364731348,0.2152397508176625,0.15666966983859068,0.38506565884728217,0.2478722542253324,1000.0,0.0,504.2,359.7091880950499,76.328,4.59712083808986,0.07633999999999999,0.0045856297277473215,380.804,228.24992219056725,0.9230600000000001,0.33296006216962415,457.134,226.82730056146238,0.9994,0.33422907563525944
LibINVENT,CHK1,1.0,0.0,1.0,0.0,0.6854611905813339,0.014276521177603379,0.8914,0.061296818840784875,0.3057060586109427,0.046784338639693474,3.1749488539259794,0.1116058528589556,1.0,0.0,0.8958,0.0029495762407505243,0.9965999999999999,0.0020736441353328035,0.9815999999999999,0.007924645102463554,0.43340000000000006,0.1014460447725785,1.0,0.0,0.0,0.0,0.0,0.0,0.21983514677696955,0.008350691411209173,1.0,0.0,0.8958,0.0029495762407505243,0.3057060586109427,0.046784338639693474,3.1749488539259794,0.1116058528589556,1.6175700934579447,0.0751810926922561,1.42392523364486,0.04297988487623181,1.183902803738318,0.02536829908183711,1.6175700934579447,0.0751810926922561,1.42392523364486,0.04297988487623181,1.183902803738318,0.02536829908183711,1.2537667329773032,0.04451688317240439,1.0,0.0,187.2,54.595787383277106,116.2,32.22886904624485,1.6175700934579447,0.0751810926922561,1.42392523364486,0.04297988487623181,1.183902803738318,0.02536829908183711,1.254788272511497,0.04511010773033082,1000.0,0.0,895.8,2.949576240750521,17.96,1.1869919966031777,0.01744,0.0011802542099056458,2877.266,606.0216164708979,3.21262,0.680770553857906,2895.224,606.865938515254,3.2300799999999996,0.68167497166905
LibINVENT,DPP4,1.0,0.0,0.992,0.002915475947422672,0.6301529275295537,0.008495149715338494,0.39955687496330106,0.036300132885559326,0.7585266031447891,0.01409776589957564,3.309662934906837,0.02652527746186705,0.9866928321648544,0.006447652559286564,0.9485289945209541,0.01695748775376373,0.9985868688257579,0.001153037111267092,0.9798395746985736,0.0045660581989816615,0.9167471127922091,0.026829683907428892,1.0,0.0,0.0004,0.0008944271909999159,0.0004,0.0008944271909999159,0.29958365809396775,0.004884110802969191,0.9788,0.007120393247567178,0.9485289945209541,0.01695748775376373,0.7585266031447891,0.01409776589957564,3.309662934906837,0.02652527746186705,1.1446740858505564,0.3141715281591912,0.8479332273449918,0.4276667986423286,0.47711989421548245,0.3648019920864484,1.1446740858505564,0.3141715281591912,0.8479332273449918,0.4276667986423286,0.3401643583628877,0.5026387355506943,0.24895283783783775,0.1879749070649615,1.0,0.0,886.8,95.94112778157236,915.2,124.88274500506466,1.1446740858505564,0.3141715281591912,0.8479332273449918,0.4276667986423286,0.47711989421548245,0.3648019920864484,0.24895283783783775,0.1879749070649615,1000.0,0.0,936.4,17.91089054179049,20.936,1.7581325319781786,0.02048,0.0017253985046939157,1037.2440000000001,30.515498193540928,1.1077,0.025106274116244342,1058.1799999999998,31.09910609647812,1.12818,0.02440731447742661
LibINVENT,ITK,1.0,0.0,1.0,0.0,0.7391506177848122,0.012879051613052974,0.7203999999999999,0.10032347681375482,0.585351687268932,0.06192353366363238,2.6203211679123326,0.1778926163191011,0.9448000000000001,0.025123693995907515,0.9262925027638307,0.02115437834657727,0.993,0.0035355339059327637,0.9827999999999999,0.002949576240750532,0.7882,0.06925099277266716,1.0,0.0,0.0,0.0,0.0,0.0,0.2910705343701305,0.017117435595153024,0.9448000000000001,0.025123693995907515,0.9262925027638307,0.02115437834657727,0.585351687268932,0.06192353366363238,2.6203211679123326,0.1778926163191011,2.1881188118811883,0.2368899388322678,1.979455445544555,0.14567625549336174,1.4523927392739278,0.06732323786268653,2.1881188118811883,0.2368899388322678,1.979455445544555,0.14567625549336174,1.4523927392739278,0.06732323786268653,1.4832685339069624,0.08848012405210194,1.0,0.0,430.8,112.17932073247725,176.2,12.397580409095964,2.1881188118811883,0.2368899388322678,1.979455445544555,0.14567625549336174,1.4523927392739278,0.06732323786268653,1.4833010117083139,0.088517384151876,1000.0,0.0,875.4,37.872153358371385,15.213999999999999,1.411463779202287,0.01492,0.0012755391017134682,2536.9300000000003,2020.1450429734002,2.91488,2.3505935244103773,2552.144,2020.0361867377524,2.92978,2.350568993243976
LibINVENT,PEPCK,1.0,0.0,1.0,0.0,0.44544320700777573,0.0076812930022234415,0.5826,0.05502544865787103,0.24602548582532,0.002810832157868729,2.9864895679728343,0.02492849078564153,1.0,0.0,0.8686,0.014638989036132215,0.9975999999999999,0.0005477225575051649,0.982,0.0029999999999999723,0.023200000000000002,0.004494441010848847,1.0,0.0,0.0002,0.00044721359549995795,0.0002,0.00044721359549995795,0.5564706075599577,0.012184375182097947,1.0,0.0,0.8686,0.014638989036132215,0.24602548582532,0.002810832157868729,2.9864895679728343,0.02492849078564153,2.0316205533596845,0.08381870035130548,1.859525691699605,0.06087636633633412,1.610711462450593,0.049752829992242564,2.0316205533596845,0.08381870035130548,1.859525691699605,0.06087636633633412,1.610711462450593,0.049752829992242564,1.67420377451534,0.06320000547658067,1.0,0.0,182.8,79.61595317522739,11.0,6.745368781616021,2.0316205533596845,0.08381870035130548,1.859525691699605,0.06087636633633412,1.610711462450593,0.049752829992242564,1.6759013843402975,0.06279697171024731,1000.0,0.0,868.6,14.638989036132237,20.372,1.6585143954756614,0.01992,0.0015594870951694349,4949.5599999999995,480.67016783861226,5.6939,0.47550733958583685,4969.934,479.9778158727758,5.7138,0.4748319018347437
LibINVENT,PptT,1.0,0.0,1.0,0.0,0.6874461063154294,0.013504987587266927,0.5616243654822335,0.07683743451088432,0.5283907787883371,0.024685404026028805,2.6058264649666576,0.053649509892297,0.7985786802030457,0.06038945298303847,0.8354622166786856,0.02855546918680076,0.9847715736040609,0.006048921465894894,0.9187817258883249,0.025783604262335603,0.7861928934010152,0.022272640146849005,1.0,0.0,0.00020304568527918784,0.00045402395482229237,0.00020304568527918784,0.00045402395482229237,0.34082412205525625,0.019924974355140863,0.7985786802030457,0.06038945298303847,0.8354622166786856,0.02855546918680076,0.5283907787883371,0.024685404026028805,2.6058264649666576,0.053649509892297,1.001798965594783,0.01785917941044505,0.902001349224196,0.025171158648508038,0.5647357769282664,0.1395303243257397,1.001798965594783,0.01785917941044505,0.902001349224196,0.025171158648508038,0.5647357769282664,0.1395303243257397,0.530641068695145,0.11161189929270186,1.0,0.0,591.2,148.95536244123608,985.0,0.0,1.001798965594783,0.01785917941044505,0.902001349224196,0.025171158648508038,0.5647357769282664,0.1395303243257397,0.530641068695145,0.11161189929270186,985.0,0.0,657.2,55.612049054139334,19.186,2.1465390748831026,0.019200000000000002,0.0019836834424877365,1406.054,161.0030404371296,2.14014,0.1751742789338663,1425.242,159.59650769988676,2.1593400000000003,0.17480152459289366
LibINVENT,TTK,1.0,0.0,1.0,0.0,0.5819309659152994,0.011727904050963293,0.48840000000000006,0.09417696108921757,0.469678755318882,0.022631245245462745,2.8465186077603746,0.06983824869667464,1.0,0.0,0.8888,0.011166915420114935,0.9963999999999998,0.003781534080237819,0.9374,0.012934450123603988,0.4474,0.07816840794080435,1.0,0.0,0.0,0.0,0.0,0.0,0.2945203180599664,0.007461926873933087,1.0,0.0,0.8888,0.011166915420114935,0.469678755318882,0.022631245245462745,2.8465186077603746,0.06983824869667464,1.4148073022312373,0.15249912914498567,1.2932555780933062,0.11476794712655276,1.0495436105476672,0.07868793995479803,1.4148073022312373,0.15249912914498567,1.2932555780933062,0.11476794712655276,1.0495436105476672,0.07868793995479803,1.0581570730303616,0.06820625576064433,1.0,0.0,273.6,54.118388741720686,259.0,67.47221650427679,1.4148073022312373,0.15249912914498567,1.2932555780933062,0.11476794712655276,1.0495436105476672,0.07868793995479803,1.0591661607746548,0.06789613957034918,1000.0,0.0,888.8,11.166915420114902,19.902,0.5348551205700504,0.01932,0.0005805170109479998,2233.436,394.5338255840682,2.51468,0.45827506150782416,2253.3360000000002,394.4301690793949,2.534,0.45814909691060185
LibINVENT,VEGFR2,1.0,0.0,1.0,0.0,0.632402743590513,0.02305737640456998,0.6288,0.06288640552615485,0.4384277176257945,0.006457140285603095,2.9433503768513836,0.08458365289961056,1.0,0.0,0.8214,0.02605379051117126,0.9968,0.0025884358211089487,0.9321999999999999,0.01551450933803576,0.5404,0.04474706694298523,1.0,0.0,0.0,0.0,0.0,0.0,0.3136814172227498,0.009219764192277376,1.0,0.0,0.8214,0.02605379051117126,0.4384277176257945,0.006457140285603095,2.9433503768513836,0.08458365289961056,2.0723822909346454,0.11305173606291043,1.7077301475755449,0.1276317166737659,1.2491988756148984,0.10899350462120967,2.0723822909346454,0.11305173606291043,1.7077301475755449,0.1276317166737659,1.2491988756148984,0.10899350462120967,1.2932727540742228,0.07990774336382055,1.0,0.0,387.0,86.64583082872481,200.0,35.86781286892191,2.0723822909346454,0.11305173606291043,1.7077301475755449,0.1276317166737659,1.2491988756148984,0.10899350462120967,1.2936431593771263,0.07964041836759417,1000.0,0.0,821.4,26.0537905111713,16.0,0.5918192291570123,0.01566,0.0007436396977031281,2216.504,325.21970447683526,2.6991199999999997,0.3938629292025335,2232.5,325.55890319571967,2.71474,0.3941905922266537
PPO,CHK1,0.2534995900571274,0.09774092695082406,0.5417603354065641,0.1222237349944295,0.7017665165856755,0.0098090983011549,0.4816152870016285,0.08037953492954712,0.5382976499744869,0.024795551659151538,2.609502541894188,0.049108604449396485,1.0,0.0,0.9625259550559958,0.03081434246071577,0.9977718771646271,0.00322363296114686,0.9655737500225161,0.030197588724985014,0.9745432411433406,0.011878577593756972,0.9936765833093801,0.008419019842212534,0.003324926410313734,0.003396783358318303,0.0005804868938880187,0.0005301595041578022,0.34664255440240993,0.025589068293982598,0.14568801479287705,0.0814027912919066,0.9624186201954721,0.03089755552077567,0.5380735535330252,0.02467304929007468,2.612632954591576,0.04640754411336404,0.9368224299065421,0.11946835384722977,0.7781308411214954,0.0856682639344413,0.37877383177570084,0.15875394490577613,0.9368224299065421,0.11946835384722977,0.7781308411214954,0.0856682639344413,0.37877383177570084,0.15875394490577613,0.6886568118065997,0.0741926260695623,1.0,0.0,128.8,20.437710243566915,1043.6,21.663333076883628,0.9368224299065421,0.11946835384722977,0.7781308411214954,0.0856682639344413,0.37877383177570084,0.15875394490577613,0.6940805772764211,0.07223919447884304,1043.6,21.663333076883628,246.4,92.72162638780664,108.27799999999999,6.909075191369689,0.10386,0.007799551269143625,557.1859999999999,295.8302369265184,2.5999600000000003,1.5316909244361276,665.466,300.90884795897904,2.7038,1.538835304702878
PPO,DPP4,0.8156452269363148,0.05461411551485086,0.9409075413657018,0.02804921307336683,0.7216922011308542,0.01540149905635822,0.5981649129857988,0.08895862907497491,0.7364200748373412,0.02379695871619027,3.5337896384435794,0.09834688770473007,0.8321503704460073,0.06591692165043438,0.9631802547623621,0.0114369463680762,0.9971585433721943,0.0016646063701498967,0.9618848188870436,0.0155793362141685,0.9228848941620802,0.02459687959038574,1.0,0.0,0.002795034117661273,0.0032230724556551902,0.0021617305306367027,0.0023418585755006667,0.30664294153051846,0.0242570999902573,0.6367256718190685,0.042155240666769,0.9631802547623621,0.0114369463680762,0.7364200748373412,0.02379695871619027,3.5337896384435794,0.09834688770473007,1.4904610492845782,0.10629262098853277,1.210651828298887,0.07375625645001768,0.7651589825119232,0.07859419608408823,1.4904610492845782,0.10629262098853277,1.210651828298887,0.07375625645001768,0.7651589825119232,0.07859419608408823,0.9969503483749443,0.05905573832295367,1.0,0.0,268.4,103.1954456359388,304.4,106.7394022842549,1.4904610492845782,0.10629262098853277,1.210651828298887,0.07375625645001768,0.7651589825119232,0.07859419608408823,0.9969607133568463,0.05904278296162434,1013.8,6.978538528947151,660.4,57.648070219218965,72.056,14.087997728563133,0.07106,0.013764192675198935,901.144,195.29203601273653,1.37922,0.37380374128678806,973.2,206.12576246068807,1.45028,0.38554437747164716
PPO,ITK,0.93984375,0.013612454579455344,0.9987549220836256,0.001704509323212597,0.8143579259056752,0.004358907363745146,0.8793623285165275,0.02361564066095772,0.592494807554991,0.02882868823651956,2.908551258537869,0.07115200519413545,0.883435992896825,0.014053349480500753,0.9600120283752327,0.004844124864902943,0.9921092897893781,0.0022153191146523257,0.9735231683308101,0.004577598901324386,0.8545577446582504,0.03234888830974853,1.0,0.0,0.0004165726974654338,0.000570555916852497,0.000390625,0.0005348853100636387,0.24160380258507347,0.0051821030358818795,0.829296875,0.020030246751153866,0.9600120283752327,0.004844124864902943,0.592494807554991,0.02882868823651956,2.908551258537869,0.07115200519413545,1.811056105610561,0.19255117211410824,1.6117986798679873,0.14404957644363936,1.0966419141914194,0.07826522790198893,1.811056105610561,0.19255117211410824,1.6117986798679873,0.14404957644363936,1.0966419141914194,0.07826522790198893,1.3087478486618196,0.12321493460185025,1.0,0.0,274.8,104.35132965132739,161.6,59.28574870911221,1.811056105610561,0.19255117211410824,1.6117986798679873,0.14404957644363936,1.0966419141914194,0.07826522790198893,1.3087478486618196,0.12321493460185025,1024.0,0.0,797.2,18.130085493455333,51.414,12.325641159793678,0.05022,0.012026304503046646,1550.6100000000001,428.0579659345216,1.9492,0.5546565784338993,1602.024,439.9539576251132,1.99942,0.5663941931199505
PPO,PEPCK,0.8549202272487124,0.12377709754966226,0.7131824056416969,0.030913797154124574,0.4724401000161563,0.004641689366279134,0.3554230746466948,0.08614379669459166,0.3525770924577098,0.019702517872252186,2.900927650322915,0.08779831131028788,1.0,0.0,0.9394377122539538,0.015094501396840678,1.0,0.0,0.9793740111495252,0.0031837748868063917,0.3352898434408459,0.075096261454063,0.9973666473751456,0.0011586540834200973,0.0,0.0,0.0,0.0,0.594662685526237,0.016047716960216726,0.6100236882668818,0.10670390139164761,0.9392890237103739,0.015077827390583944,0.3523671757754828,0.01975016444716446,2.902032406408219,0.0877232122120304,1.988932806324111,0.1313775962722039,1.780395256916996,0.17435122664322908,1.4199288537549406,0.10932050865727651,1.988932806324111,0.1313775962722039,1.780395256916996,0.17435122664322908,1.4199288537549406,0.10932050865727651,1.470165025882657,0.09289642024371952,1.0,0.0,327.8,91.72077191127428,83.6,13.685759021698434,1.988932806324111,0.1313775962722039,1.780395256916996,0.17435122664322908,1.4199288537549406,0.10932050865727651,1.4725943436668878,0.09256672123068906,1029.0,28.809720581775867,818.8,116.65847590295357,89.148,8.884780244890695,0.0867,0.009123321763480671,2660.0440000000003,136.07409040666042,3.3254399999999995,0.6789701193719796,2749.192,144.1182667811403,3.4121,0.6879773143062207
PPO,PptT,0.03463704280059431,0.033578193859269065,0.9423812764670296,0.07796757162258398,0.5998354104241228,0.026643483969968795,0.6294891640866873,0.03448465982949049,0.4735328432904066,0.05591504788391681,2.9646730617892367,0.10965061214142197,1.0,0.0,0.8276780185758514,0.04685662722589248,1.0,0.0,0.9777089783281733,0.030601644069725226,0.7639834881320949,0.11121104016713523,0.2919504643962848,0.33363312050140576,0.0,0.0,0.0,0.0,0.8089365831001543,0.21923799202749694,0.0182371455582302,0.033728752025521745,0.8775000000000001,0.2165785077056355,0.6780252874026669,0.05817513603284534,2.5095901931898412,0.38749202964496376,0.733977962671464,0.01863512046681147,0.4637283561951878,0.011828337725903615,0.29916332463461937,0.11221510700147268,0.733977962671464,0.01863512046681147,0.4637283561951878,0.011828337725903615,0.2689410981716212,0.13130271058102305,0.4600145419708571,0.01172584498996632,1.0,0.0,13.0,0.0,1012.6,7.021395872616786,0.733977962671464,0.01863512046681147,0.4637283561951878,0.011828337725903615,0.29916332463461937,0.11221510700147268,0.4614411721507464,0.011748442768174555,1012.6,7.021395872616786,28.2,26.166772823563857,0.0,0.0,0.0,0.0,98.04400000000001,70.39951761198368,3.80976,0.6170615633792141,98.04400000000001,70.39951761198368,3.80976,0.6170615633792141
PPO,TTK,0.7673309380139116,0.04789163226383266,0.9756787048108333,0.0196630644878853,0.7098173513960558,0.01227423286006935,0.6491501712389205,0.1234677589672617,0.6488094587459078,0.025167398949210943,2.8299063955791235,0.1744857689066049,1.0,0.0,0.9626395783313789,0.005269756048392305,0.9975837990128703,0.001807835387975612,0.9715480304939957,0.005578435578383244,0.8582583525085372,0.05030434940909974,1.0,0.0,0.0002702702702702703,0.0006043426966215648,0.00019588638589618023,0.0004380152747306151,0.30268822840860665,0.018308287947418803,0.7482231863573479,0.039711011565567673,0.9626395783313789,0.005269756048392305,0.6488094587459078,0.025167398949210943,2.8299063955791235,0.1744857689066049,1.1115618661257607,0.16585328860203036,0.9362068965517241,0.11485823605510827,0.6846805273833672,0.11308517875164792,1.1115618661257607,0.16585328860203036,0.9362068965517241,0.11485823605510827,0.6846805273833672,0.11308517875164792,0.7452108127113878,0.07128466070070683,1.0,0.0,284.8,74.14984828035726,945.2,143.800904030538,1.1115618661257607,0.16585328860203036,0.9362068965517241,0.11485823605510827,0.6846805273833672,0.11308517875164792,0.7455235585028881,0.07089253776170927,1018.2,4.8166378315169185,738.2,47.54156076529252,71.362,12.249480397143383,0.07008,0.011996541168186773,1298.0520000000001,387.5034291719236,1.7680399999999998,0.5518144960038655,1369.4119999999998,396.8630825234315,1.8381399999999999,0.5597571107185686
PPO,VEGFR2,0.03084965940708891,0.012533122311695817,0.9274395439601948,0.047635365423611783,0.6344541587448141,0.04021105840672933,0.6386364494449899,0.20545245610837728,0.6707504705659726,0.0761594783438438,2.978713323127905,0.2763298075017894,1.0,0.0,0.9738352337083743,0.02545435139918195,0.9894736842105264,0.023537557657892543,0.9843615494978479,0.022482116354197754,0.9466661632560598,0.04999316155095072,1.0,0.0,0.0,0.0,0.0,0.0,0.21877889969556613,0.026163647324104467,0.028260978001709937,0.010574065607360331,0.9738352337083743,0.02545435139918195,0.6707504705659726,0.0761594783438438,2.978713323127905,0.2763298075017894,0.10414617006324674,0.14454813967773042,0.035049191848208025,0.06370719588823859,0.035049191848208025,0.06370719588823859,-0.15994378074490506,0.47021665527207995,-0.4501054111033029,0.4215269806016532,-0.4501054111033029,0.4215269806016532,0.0036441392490979994,0.00556396154705303,0.8,0.4472135954999579,468.8,454.60334358647214,1005.8,3.8987177379235787,0.10414617006324674,0.14454813967773042,0.035049191848208025,0.06370719588823859,0.035049191848208025,0.06370719588823859,0.0036441392490979994,0.00556396154705303,1005.8,3.8987177379235787,30.2,11.966620241321273,37.763999999999996,4.038332576695487,0.03752,0.0040064947273146375,235.738,139.33974511961765,8.06028,3.630289545890245,273.498,143.2335158753006,8.09784,3.6338999825256613
PPOD,CHK1,0.33640619535128435,0.06827834378517822,0.7424277206870779,0.09494228935645693,0.7107996039684845,0.019600141619287574,0.45609261991282474,0.108065680815331,0.5282171402396738,0.022109485130003173,2.6854782373957304,0.13075990398078943,1.0,0.0,0.9482249781653943,0.01948240099502064,0.9882255121189157,0.012488839770241707,0.961337258688619,0.023702386125019848,0.9537330642325745,0.025670967122161457,0.9981546330906944,0.0026814519473272605,0.0014701178554732673,0.002157570812443666,0.0005828821344333992,0.000862461365203867,0.33784871201031275,0.02389271693795869,0.2506108348801906,0.06458037883727696,0.9481169784973134,0.019536595955781354,0.5281093625788891,0.02215871029991034,2.686582710077347,0.13101095190152504,1.1200000000000003,0.3373544399700791,0.860747663551402,0.10556909400919504,0.5327476635514018,0.10229731851222962,1.1200000000000003,0.3373544399700791,0.860747663551402,0.10556909400919504,0.5327476635514018,0.10229731851222962,0.67294367347317,0.06001880662965279,1.0,0.0,320.0,158.1992414646796,1022.4,21.31431443889294,1.1200000000000003,0.3373544399700791,0.860747663551402,0.10556909400919504,0.5327476635514018,0.10229731851222962,0.6784483051199899,0.05486069873621339,1022.4,21.31431443889294,322.6,67.62617836311615,120.78,14.83342846411441,0.11818,0.015073387144235376,1025.8,158.69574773761278,3.257,0.7037797169569467,1146.5819999999999,164.3578689019787,3.3751800000000003,0.7184684175383075
PPOD,DPP4,0.7775106173654684,0.08111850427915052,0.9660456911733435,0.01897159877072955,0.7459847776345038,0.016118636003378428,0.7294672343542462,0.072074733153945,0.7217453810739064,0.022102139037456333,3.5470663224834618,0.11337104969961082,0.7692144636254146,0.018528999379157345,0.9650522386204446,0.010905443718036754,0.9961222287214451,0.002866051672086433,0.9612311856633337,0.0030799225170110686,0.8998464285624361,0.017920574502549216,1.0,0.0,0.002000671798151137,0.0011495463714647632,0.0015644107075903917,0.0008745336075522448,0.3028253642912152,0.01594547085758903,0.5775564253239158,0.06048149309111892,0.9650522386204446,0.010905443718036754,0.7217453810739064,0.022102139037456333,3.5470663224834618,0.11337104969961082,1.58664546899841,0.1200949517467259,1.2972178060413353,0.10727211720406704,0.8053577106518277,0.058683113463872984,1.58664546899841,0.1200949517467259,1.2972178060413353,0.10727211720406704,0.8053577106518277,0.058683113463872984,1.0306386122360731,0.05822604774605581,1.0,0.0,355.4,132.03522257337244,307.6,66.37996685747893,1.58664546899841,0.1200949517467259,1.2972178060413353,0.10727211720406704,0.8053577106518277,0.058683113463872984,1.0306471089483842,0.05822016583783536,1022.2,1.4832396974191264,580.4,76.69941329632188,96.276,5.12196544306968,0.09419999999999999,0.005145872132107444,1144.202,116.29660773212606,1.98372,0.17549930769094227,1240.476,114.73949485682776,2.0779199999999998,0.1788585111198232
PPOD,ITK,0.9508152481886899,0.019357209676154084,0.9880302150964835,0.015922607742489037,0.8047058813072776,0.011941148131231961,0.8534768119883938,0.09619124380923862,0.628389335180881,0.025340486573085245,2.8634627986135595,0.14008400603034962,0.8877808943500749,0.023003545685076277,0.9735519349612107,0.006325911641855942,0.9900890753168357,0.003849054500288174,0.9819847047958823,0.0021944874942703635,0.9159266848287181,0.047934071124272,1.0,0.0,0.000257201646090535,0.00051440329218107,0.00024437927663734115,0.0004887585532746823,0.24738307078937277,0.015029302107639239,0.833958187312926,0.028582028942859293,0.9735519349612107,0.006325911641855942,0.628389335180881,0.025340486573085245,2.8634627986135595,0.14008400603034962,1.9740099009900993,0.07013201320132019,1.7146245874587462,0.07590338675759817,1.2174092409240929,0.10791840028065214,1.9740099009900993,0.07013201320132019,1.7146245874587462,0.07590338675759817,1.2174092409240929,0.10791840028065214,1.3695794871295999,0.045555336304021886,1.0,0.0,311.75,52.366496923128246,131.5,17.368553960150702,1.9740099009900993,0.07013201320132019,1.7146245874587462,0.07590338675759817,1.2174092409240929,0.10791840028065214,1.3695794871295999,0.045555336304021886,1020.5,4.509249752822886,826.0,36.98648401781386,77.77499999999999,16.587052179335544,0.07617499999999999,0.01599299325746539,2487.6724999999997,1102.6568858405892,3.04475,1.444829767365923,2565.445,1119.2282288702336,3.12095,1.4608242661821667
PPOD,PEPCK,0.9114795759405517,0.029690226228695642,0.6859841583161138,0.10160868035756158,0.47279318297640566,0.012633759257866176,0.3508588791298016,0.08260730840256976,0.3538105555878015,0.016333654940242234,2.8545941124049095,0.03741372708591011,1.0,0.0,0.9514867094518336,0.0065577074411088225,0.9997229916897507,0.0006194094120497989,0.9811937724103214,0.004496840680040703,0.3545120768830678,0.05359917166471962,0.9973830961892769,0.0010999070688314369,0.00021097046413502107,0.0004717442990505885,0.00019940179461615153,0.00044587596759716644,0.6087259703610475,0.01867299631451652,0.6222217028526092,0.08114619713291232,0.9513629814369777,0.006538618834951209,0.3536038663475017,0.016319425719478798,2.85561037607524,0.037465744020405777,1.905928853754941,0.22990569705092462,1.6532015810276683,0.11071942798087706,1.33804743083004,0.09973691588127079,1.905928853754941,0.22990569705092462,1.6532015810276683,0.11071942798087706,1.33804743083004,0.09973691588127079,1.3584712127193925,0.0884618905787027,1.0,0.0,380.0,141.05672617780408,78.8,5.310367218940702,1.905928853754941,0.22990569705092462,1.6532015810276683,0.11071942798087706,1.33804743083004,0.09973691588127079,1.3609979139407125,0.08846243921050279,1013.2,7.949842765740714,879.6,36.163517528028166,110.474,10.519103098648674,0.10904,0.010333102147951509,4152.994000000001,1158.446332520415,4.72312,1.328059724560609,4263.465999999999,1167.8958853981808,4.83214,1.3375164514876068
PPOD,PptT,0.03788985065398752,0.026525223428864323,0.8618199361441355,0.1720471937720961,0.5986926379642398,0.0148751218609092,0.5933494936436113,0.11542056016397124,0.4960604560434815,0.056405655119516875,2.889307849529442,0.20229639367858074,1.0,0.0,0.8630025856496445,0.03895357014050016,1.0,0.0,0.9928571428571429,0.015971914124998498,0.735895640307405,0.02455609366743591,0.3763682396035337,0.2786506493055718,0.0,0.0,0.0,0.0,0.7658436953647261,0.16915158173253023,0.01480358700944932,0.016882379917154522,0.981910569105691,0.024897336961977858,0.6687034742778859,0.11821374400039578,2.6615026432771813,0.6024890554222487,0.7503935237238588,0.018119192946379464,0.47901956375084326,0.057134285963898336,0.27750825418241654,0.0596464213005338,0.7503935237238588,0.018119192946379464,0.47901956375084326,0.057134285963898336,0.25194566695578613,0.06282752605749992,0.4528296828037403,0.023691513298582767,1.0,0.0,13.4,0.8944271909999157,1017.8,14.532721699667949,0.7503935237238588,0.018119192946379464,0.47901956375084326,0.057134285963898336,0.27750825418241654,0.0596464213005338,0.4542434041207236,0.02374378531810749,1017.8,14.532721699667949,34.4,25.274493071078595,17.832,39.87356417477625,0.01782,0.03984673135904625,127.58400000000002,87.9774765493987,3.83076,0.28158666161592255,145.418,117.20831421021293,3.8485799999999997,0.26046267870848605
PPOD,TTK,0.7903395878899505,0.04121318933510751,0.9808934140633996,0.00402350582491605,0.7054735044551351,0.0042224443184653284,0.6034501784027766,0.045369234563304106,0.6742328141390549,0.019909725549231965,2.8975580450438767,0.11459920687499614,1.0,0.0,0.9642890365112908,0.009043961364577824,0.9994955212049147,0.0006926667154733447,0.9685493024064087,0.006893243956615541,0.8944695350881136,0.030398138798033703,1.0,0.0,0.0002463054187192118,0.0005507556594827068,0.00019569471624266143,0.0004375866883561232,0.3233952643285985,0.015899738742790208,0.7752657227274471,0.041102026797387,0.9642890365112908,0.009043961364577824,0.6742328141390549,0.019909725549231965,2.8975580450438767,0.11459920687499614,1.120182555780933,0.1149869534919385,0.9336713995943204,0.041941442367680486,0.6656338742393508,0.04305796281586179,1.120182555780933,0.1149869534919385,0.9336713995943204,0.041941442367680486,0.6656338742393508,0.04305796281586179,0.7302507027221125,0.056032414075875794,1.0,0.0,353.4,158.37550315626467,1021.6,0.8944271909999222,1.120182555780933,0.1149869534919385,0.9336713995943204,0.041941442367680486,0.6656338742393508,0.04305796281586179,0.7305134849608891,0.05618072382845543,1021.6,0.8944271909999222,759.4,41.80071769718793,96.102,9.31287120065557,0.09408000000000001,0.00910313132938332,1826.538,189.28684653192354,2.4172000000000002,0.3521139872257276,1922.6380000000001,198.40190855936834,2.51124,0.36075162231097446
PPOD,VEGFR2,0.0185692773689696,0.00799340050773721,0.9701388888888889,0.0430611555497986,0.6932670493521488,0.05223789627604701,0.8611572541902424,0.1955119153946654,0.6412236720589846,0.04792529031012419,3.1178962519909574,0.23323019232488745,1.0,0.0,0.9625771324863883,0.0417036829305254,0.9694736842105263,0.04502999923412092,0.993103448275862,0.015421158465515769,0.9177089783281733,0.124871163080177,1.0,0.0,0.0,0.0,0.0,0.0,0.20314179247896336,0.022991819044970798,0.017780904558813263,0.006838201163746691,0.9625771324863883,0.0417036829305254,0.6412236720589846,0.04792529031012419,3.1178962519909574,0.23323019232488745,0.0,0.0,0.0,0.0,0.0,0.0,-0.45270555165144055,0.6368948592762672,-0.5521433591004918,0.7139466522613928,-0.5521433591004918,0.7139466522613928,0.0,0.0,0.6,0.5477225575051662,410.6,560.896425376379,1025.0,22.638462845343543,0.0,0.0,0.0,0.0,0.0,0.0,0.0,0.0,1025.0,22.638462845343543,18.2,8.043631020876083,53.0,3.4132316065570456,0.05166,0.0028005356630473374,311.62199999999996,75.71792964681484,18.482,4.723985488440879,364.622,73.7400865879611,18.53372,4.724875629262637
REINFORCE,CHK1,0.5240182743980529,0.030834146364109517,0.9097196486372541,0.02271731740666234,0.7328117871432861,0.006718224248885647,0.627069330150379,0.03778849047123075,0.5154201979356433,0.012925835275427799,2.7926445453154125,0.06955247743527924,1.0,0.0,0.9675533572526674,0.014724980308342317,0.9926988261984617,0.005561277975472772,0.9768872521023327,0.010883407969231948,0.9466911405375402,0.017802115057642037,0.9996146435452793,0.0008616832283236086,0.000718969434118133,0.0009854435921137616,0.00039564826047822175,0.0005417641344527464,0.3155023939591615,0.016695630988173678,0.4766660841160538,0.03247904630224432,0.9675436861447306,0.014718920957418257,0.5153997691384238,0.012883929874164783,2.7929025318851974,0.069359447617711,1.2287850467289723,0.08150261478175663,0.9913644859813087,0.05182550996636365,0.710377570093458,0.031050226836553712,1.2287850467289723,0.08150261478175663,0.9913644859813087,0.05182550996636365,0.710377570093458,0.031050226836553712,0.7660262722010829,0.018913858193440096,1.0,0.0,321.6,63.775387101922,981.0,73.287106642301,1.2287850467289723,0.08150261478175663,0.9913644859813087,0.05182550996636365,0.710377570093458,0.031050226836553712,0.7704682703851315,0.016306510895383004,1013.4,2.966479394838277,505.6,31.405413546075142,97.164,11.36508380963379,0.0959,0.011356055653262712,911.2620000000001,357.3434833881821,1.7768000000000002,0.593045786596617,1008.424,367.6595460205,1.8727,0.6036640373585295
REINFORCE,DPP4,0.7713778782713825,0.02741480653974106,0.9576674892901513,0.008583401232261275,0.7198375051284102,0.006330174525259652,0.6370754225354018,0.023708924112608318,0.7386979542489021,0.012966208031059143,3.3424435329015787,0.032039730977982205,0.7535003189133801,0.02038448558753666,0.9728008223619578,0.00517784661810451,0.9944556111617414,0.0021049246405674266,0.9673189059116016,0.005480019277139147,0.9428607235366326,0.01624066288386594,1.0,0.0,0.0022889889845358015,0.001359485008332846,0.0017601046765872218,0.0010716026435472956,0.33496957709925146,0.004901754828032624,0.5566259782344625,0.025528918802774973,0.9728008223619578,0.00517784661810451,0.7386979542489021,0.012966208031059143,3.3424435329015787,0.032039730977982205,1.4999999999999996,0.08074331905630566,1.2219395866454688,0.0610471368279463,0.7704292527821937,0.0372743645079783,1.4999999999999996,0.08074331905630566,1.2219395866454688,0.0610471368279463,0.7704292527821937,0.0372743645079783,0.975021373171473,0.06656205683153724,1.0,0.0,286.6,79.15996462859239,400.2,168.97248296690202,1.4999999999999996,0.08074331905630566,1.2219395866454688,0.0610471368279463,0.7704292527821937,0.0372743645079783,0.9750296417510264,0.0665759438456495,1022.6,0.5477225575051635,568.2,29.141036357686385,72.50399999999999,11.886489389218333,0.07092000000000001,0.011604611152468662,690.046,240.0870946760779,1.23056,0.48315601310549783,762.55,250.6751636082043,1.3014800000000002,0.4932237798403479
REINFORCE,ITK,0.905031540200391,0.08454582902721991,0.9986788476704682,0.0014187033684426276,0.8211360632645931,0.0016135433043064959,0.9364495492091196,0.01596668057712903,0.636434515303119,0.03370025030046336,2.8932191898667665,0.05568704155025463,0.7467745747242855,0.07536909185376406,0.9641786217822819,0.005240336739096059,0.9844417373157401,0.004372559298331369,0.9785111547617878,0.008407280603978147,0.9344812357049621,0.030861694910881306,1.0,0.0,0.000468155899985616,0.0006460363162263822,0.00039081592130987293,0.0005351468462619554,0.23634397967042559,0.003692494816585132,0.6782204606549365,0.11350765547627689,0.9641786217822819,0.005240336739096059,0.636434515303119,0.03370025030046336,2.8932191898667665,0.05568704155025463,1.8407590759075911,0.29222659013945484,1.5514026402640266,0.20548811970212297,1.0410726072607266,0.2162719709023806,1.8407590759075911,0.29222659013945484,1.5514026402640266,0.20548811970212297,1.0410726072607266,0.2162719709023806,1.1893856676336738,0.15096020827386267,1.0,0.0,396.8,99.72311667813035,237.0,57.36723803705387,1.8407590759075911,0.29222659013945484,1.5514026402640266,0.20548811970212297,1.0410726072607266,0.2162719709023806,1.1893856676336738,0.15096020827386267,1023.8,0.44721359549995315,653.2,110.25969345141496,48.582,10.54400161229123,0.047439999999999996,0.0102892176573343,1117.126,472.66300508924945,1.69118,0.5924539661442058,1165.7040000000002,481.610230404214,1.7386199999999998,0.6013663667016972
REINFORCE,PEPCK,0.8769267056093956,0.0656253613962198,0.6029730167046647,0.04822355245310887,0.4640907354654221,0.008112485658027828,0.308797063289126,0.025831208844695117,0.3733317208852214,0.010204417514216399,2.7747215250095465,0.02460868210891826,1.0,0.0,0.9460099282545075,0.008100290241699724,1.0,0.0,0.9763099521237806,0.002995944445788837,0.539053161819767,0.0534004560107472,0.9966656961384428,0.0008678984500084415,0.0,0.0,0.0,0.0,0.6291193042102521,0.012345904784833899,0.5253523340195138,0.03620001919098201,0.9458297051645955,0.008126364824757384,0.3731270198505975,0.010235202773631227,2.7757428426296977,0.024548146160841437,1.7280632411067196,0.21072421097262237,1.4699604743083006,0.0705685815224405,1.148758893280632,0.01918720140717194,1.7280632411067196,0.21072421097262237,1.4699604743083006,0.0705685815224405,1.148758893280632,0.01918720140717194,1.2704618225368236,0.059967136434069736,1.0,0.0,255.8,49.67594991542688,98.2,13.718600511714014,1.7280632411067196,0.21072421097262237,1.4699604743083006,0.0705685815224405,1.148758893280632,0.01918720140717194,1.2729165762836654,0.05996935503837795,1029.4,24.275502054540468,848.8,64.49573629318454,81.53,15.032333484858563,0.07905999999999999,0.013298232965322874,2294.486,331.6943292098917,2.73608,0.6020546337335178,2376.016,345.82239803112833,2.8151,0.6133601552106235
REINFORCE,PptT,0.022581752767420492,0.004630084345733826,0.9451418951418951,0.03953856137423449,0.6208731072317679,0.016382714469931343,0.6396974789915967,0.05373874349839062,0.4956735781412592,0.036544309747980605,2.841822399274527,0.11826897823714906,1.0,0.0,0.848610644257703,0.032130057929040834,1.0,0.0,0.9904761904761905,0.021295885499998026,0.7635574229691877,0.039271718673202685,0.29067226890756304,0.11781515601960804,0.0,0.0,0.0,0.0,0.8128774243663914,0.07469146829288302,0.006495256462009186,0.0034213361731440816,0.9666666666666666,0.07453559924999298,0.7049224240451408,0.025138400898882904,2.2205071853501357,0.13640531868492148,0.7416235664492917,0.015720858392297733,0.46910276590960204,0.005016557368309169,0.30030646243955944,0.04815070746064084,0.7416235664492917,0.015720858392297733,0.46910276590960204,0.005016557368309169,0.2639761548874104,0.0672280324224467,0.4653985658294455,0.004997681773647462,1.0,0.0,13.0,0.0,1020.0,9.695359714832655,0.7416235664492917,0.015720858392297733,0.46910276590960204,0.005016557368309169,0.30030646243955944,0.04815070746064084,0.46686773214639654,0.0050114766147934635,1020.0,9.695359714832655,19.8,4.604345773288536,0.0,0.0,0.0,0.0,81.33399999999999,24.38627749370535,4.06186,0.3118145570687809,81.33399999999999,24.38627749370535,4.06186,0.3118145570687809
REINFORCE,TTK,0.7311566975923676,0.03892830316837036,0.9698223524785046,0.010996133955988734,0.7071064777693941,0.007214947540257301,0.594584889276095,0.035410950352091304,0.6809995034888211,0.015470244607217737,2.6638178743138,0.049619891603819515,1.0,0.0,0.9386132323943336,0.005776128266376094,0.9963993843972728,0.002673200966266992,0.9427701762307186,0.007588094577205831,0.9543430716961039,0.013117205153267909,1.0,0.0,0.0,0.0,0.0,0.0,0.3086274324034143,0.005907541767099545,0.7088415225773876,0.03224275565786471,0.9386132323943336,0.005776128266376094,0.6809995034888211,0.015470244607217737,2.6638178743138,0.049619891603819515,1.0811359026369167,0.12676977677484372,0.842292089249493,0.06506773870738217,0.5261460446247466,0.04799667076975309,1.0811359026369167,0.12676977677484372,0.842292089249493,0.06506773870738217,0.5261460446247466,0.04799667076975309,0.6660249436064969,0.03866798649507481,1.0,0.0,338.4,75.77796513499159,1022.0,1.5811388300841942,1.0811359026369167,0.12676977677484372,0.842292089249493,0.06506773870738217,0.5261460446247466,0.04799667076975309,0.6662941195359331,0.0389782018215869,1022.0,1.5811388300841942,682.0,36.857834987964225,62.714,12.752253918425563,0.061340000000000006,0.012478902195305473,1033.9360000000001,309.99965472561416,1.53044,0.5243759557798203,1096.652,321.4234968386724,1.5918,0.5347891406900482
REINFORCE,VEGFR2,0.017716294945108728,0.0015917193088776298,1.0,0.0,0.6920227922357336,0.015100787758096909,0.9351319475158484,0.04500581846807176,0.6388770352773173,0.03595671473492659,2.8216235448454077,0.09259519075705273,1.0,0.0,0.9108359133126935,0.09895988327416964,0.9541795665634675,0.04892228674954364,0.9566563467492261,0.06891588015341196,0.9659442724458204,0.031191086191346546,1.0,0.0,0.0,0.0,0.0,0.0,0.21711311371050135,0.01555066248351733,0.017716294945108728,0.0015917193088776298,0.9108359133126935,0.09895988327416964,0.6388770352773173,0.03595671473492659,2.8216235448454077,0.09259519075705273,0.02853127196064656,0.06379786358853941,0.00713281799016164,0.015949465897134852,0.00713281799016164,0.015949465897134852,-0.2988053408292339,0.630400584283924,-0.4346099789177792,0.5210805976729788,-0.4346099789177792,0.5210805976729788,0.0006296462782544973,0.0014079318799568037,0.6,0.5477225575051662,570.0,525.6148780238246,1026.8,14.184498581197712,0.02853127196064656,0.06379786358853941,0.00713281799016164,0.015949465897134852,0.00713281799016164,0.015949465897134852,0.0006296462782544973,0.0014079318799568037,1026.8,14.184498581197712,16.2,1.9235384061671346,33.402,3.8040202417968287,0.03256,0.003920841746360083,224.81199999999998,131.69672004267989,14.34776,9.284508187997897,258.212,135.2601444254737,14.380279999999999,9.288290033531469
REINVENT,CHK1,0.4674230670891809,0.037574492366846714,0.8904932591957154,0.03516092580147691,0.7320235225660298,0.004263282245371519,0.6258357280210669,0.03999631923731577,0.5152365368325502,0.01685235676766612,2.740553984668033,0.023347779383413914,1.0,0.0,0.9615820656717441,0.004764625331435131,0.9915173965514532,0.002498469865455134,0.971331948418058,0.004858025957244135,0.9517518942792224,0.018893742374288747,0.999492385786802,0.0011350598870557374,0.0008598444438365656,0.0011904272984262438,0.00039506644920128296,0.0005409724016841602,0.3236392445727739,0.009442439674251018,0.4164176517749266,0.04193929327250007,0.9615639827226733,0.004751091346562865,0.5152086481389551,0.016812063112950585,2.7408689264044432,0.022685950548832483,1.0796261682242991,0.08216436343433386,0.9357009345794396,0.046551813712723496,0.6782355140186918,0.035035458873275915,1.0796261682242991,0.08216436343433386,0.9357009345794396,0.046551813712723496,0.6782355140186918,0.035035458873275915,0.7420811101688549,0.030621355719512505,1.0,0.0,318.2,102.81147795844586,1013.0,6.403124237432854,1.0796261682242991,0.08216436343433386,0.9357009345794396,0.046551813712723496,0.6782355140186918,0.035035458873275915,0.7484318590918877,0.022746409132189914,1013.0,6.403124237432854,448.8,36.65651374585423,112.852,8.443853977894213,0.11144000000000001,0.008929333681748043,1331.786,383.19304681844113,2.96626,0.8276960933821063,1444.6380000000001,391.48099234828777,3.0777200000000002,0.8365705182469675
REINVENT,DPP4,0.7363154230507878,0.024550689328420517,0.9689852549913012,0.018713809579132483,0.7269173714795116,0.0068244700857927314,0.670639218600156,0.044132830006780976,0.7260935217574986,0.0183508504306088,3.3655015668214623,0.054674753908774555,0.7322803676759966,0.023565381582127683,0.976683332862249,0.006847482252238554,0.9958918908714308,0.002554872657581894,0.9728327320002667,0.004720131902214548,0.9335153633709705,0.014064494700440182,1.0,0.0,0.0023748445582622573,0.0010588468983303645,0.001760297468207302,0.0008175095322565206,0.33058657497648125,0.004876201830379828,0.5223094067458309,0.022083218366463504,0.976683332862249,0.006847482252238554,0.7260935217574986,0.0183508504306088,3.3655015668214623,0.054674753908774555,1.5151033386327502,0.10152654828652462,1.2444356120826707,0.11932694002451276,0.8020667726550075,0.03889385389183469,1.5151033386327502,0.10152654828652462,1.2444356120826707,0.11932694002451276,0.8020667726550075,0.03889385389183469,1.0183335084411358,0.12269406401850551,1.0,0.0,287.8,64.14982462953425,342.6,149.2491206004243,1.5151033386327502,0.10152654828652462,1.2444356120826707,0.11932694002451276,0.8020667726550075,0.03889385389183469,1.0183425649388758,0.12269384089520173,1022.4,1.140175425099143,527.6,35.87199464763563,101.126,25.352281554132365,0.0989,0.024812496851385195,1098.01,457.5557083569169,2.1057,0.9449222507698715,1199.136,482.5768101349256,2.2046,0.9689872419180762
REINVENT,ITK,0.8907691455889541,0.09116447067563146,0.9983839427771054,0.0022133790374565267,0.8206710489388087,0.0015345182999041496,0.9334835487809183,0.026648122970610724,0.6263825031456205,0.03756376217301674,2.902487300876084,0.07721548491599702,0.762373440003956,0.05251449815932964,0.9593492921525323,0.005373354305618519,0.9851074187210827,0.003714840298123504,0.9761664728710191,0.00620157404192598,0.9166837931977714,0.04268318857956686,1.0,0.0,0.00026490066225165563,0.0005923358880794145,0.00019550342130987292,0.00043715893988265683,0.23684763805114803,0.003109101417788067,0.6805670744745845,0.10160235137591238,0.9593492921525323,0.005373354305618519,0.6263825031456205,0.03756376217301674,2.902487300876084,0.07721548491599702,1.8663366336633669,0.2689218443730196,1.547524752475248,0.19017265859965107,1.0490264026402643,0.1824224646983674,1.8663366336633669,0.2689218443730196,1.547524752475248,0.19017265859965107,1.0490264026402643,0.1824224646983674,1.1710439696313384,0.16264580771590664,1.0,0.0,433.6,59.96082054141687,245.8,81.01666495234174,1.8663366336633669,0.2689218443730196,1.547524752475248,0.19017265859965107,1.0490264026402643,0.1824224646983674,1.1710439696313384,0.16264580771590664,1023.8,0.4472135954999611,651.4,97.14576676314825,69.022,13.11046604816167,0.0674,0.01281346947551677,2009.6420000000003,787.6104045592593,3.05518,1.0007468546041003,2078.666,799.8639276339447,3.1226,1.0127905632459262
REINVENT,PEPCK,0.8832295340202128,0.06714528597867886,0.5985731564123743,0.05277897277508377,0.46406900679915186,0.008723687925722293,0.2794304242625324,0.013581344259950934,0.37896594932380584,0.004528686858420347,2.7679017441446816,0.04039875061812745,1.0,0.0,0.9435145358504666,0.009600333494496424,1.0,0.0,0.9762239889959865,0.006793398048077026,0.5719003820800888,0.021988435880686108,0.9959528775092007,0.002097980977244364,0.00042273808327471273,0.0005790045361694707,0.0003895535204833118,0.0005337137194126131,0.6266874236588242,0.011418726067236082,0.524230005204209,0.027817848251758974,0.9432947435510833,0.009581244732349737,0.37879161437935066,0.004541946492018698,2.768951471146733,0.04042215969916064,1.5762845849802374,0.07394579815758805,1.424110671936759,0.05888930140149937,1.1190355731225292,0.04058278717180879,1.5762845849802374,0.07394579815758805,1.424110671936759,0.05888930140149937,1.1190355731225292,0.04058278717180879,1.2519163187145317,0.0634748311445046,1.0,0.0,177.6,45.66508513076484,104.0,22.22611077089287,1.5762845849802374,0.07394579815758805,1.424110671936759,0.05888930140149937,1.1190355731225292,0.04058278717180879,1.2543376735578,0.06402327836589873,1043.6,24.439721766010372,853.4,64.79428987187067,106.602,11.606755360564815,0.10206,0.00977409842389568,3572.6980000000003,828.056040959789,4.27172,1.4271361417187918,3679.3019999999997,838.7898841903137,4.37376,1.4365143170188035
REINVENT,PptT,0.11627411954472633,0.06615509652141306,0.8551524850887908,0.11141727492661305,0.589047436548329,0.027435320083783167,0.5185541434411001,0.08608227283293898,0.6087788998214557,0.08325364650966986,2.5538251648211765,0.21626452488141465,1.0,0.0,0.9371895206243032,0.04887038073125203,0.9985507246376812,0.0032406782282605805,0.9892860646599777,0.01030342459973592,0.8814423634336677,0.08138088907773018,0.7395172798216276,0.27666536397294317,0.0,0.0,0.0,0.0,0.5181712972017187,0.17729574705120849,0.08000936754662938,0.048989486308717405,0.9878942125389634,0.0116485004457243,0.670767341455899,0.0368027305185803,2.365903698694516,0.06279008895819116,0.7483696874297279,0.010987643515680294,0.48115583539464807,0.01385069345670892,0.23261919506174067,0.06972132102133205,0.7483696874297279,0.010987643515680294,0.48115583539464807,0.01385069345670892,0.22458108565596765,0.06118824072764653,0.46424128254394714,0.009518095586542862,1.0,0.0,13.2,0.44721359549995804,1023.8,5.6302753041037095,0.7483696874297279,0.010987643515680294,0.48115583539464807,0.01385069345670892,0.23261919506174067,0.06972132102133205,0.46569439454703054,0.009543876899506878,1023.8,5.6302753041037095,100.4,60.34318519932471,0.0,0.0,0.0,0.0,202.06199999999998,84.56314072927991,2.5628599999999997,1.1624035650323858,202.06199999999998,84.56314072927991,2.5628599999999997,1.1624035650323858
REINVENT,TTK,0.7258693535462042,0.030673756622221715,0.9778832320954344,0.008390356745645646,0.7066969937933522,0.007140031485603369,0.5833827732044939,0.036723541119038666,0.6801880576765829,0.011438802607202559,2.656262994363143,0.05252886526877921,1.0,0.0,0.9377602255715187,0.009535461649249757,0.995915062067526,0.0024352709109176605,0.9424014917376506,0.008274032198532191,0.9626115344940134,0.008212826091819073,1.0,0.0,0.0,0.0,0.0,0.0,0.30993837452164774,0.003738646731488658,0.7096169109502022,0.024163830766433945,0.9377602255715187,0.009535461649249757,0.6801880576765829,0.011438802607202559,2.656262994363143,0.05252886526877921,1.0126774847870181,0.10701178976941234,0.842393509127789,0.04761525573315282,0.5218255578093306,0.04026576489392183,1.0126774847870181,0.10701178976941234,0.842393509127789,0.04761525573315282,0.5218255578093306,0.04026576489392183,0.6589145871558544,0.023743925807786562,1.0,0.0,335.2,55.876649863784785,1021.4,0.8944271909999222,1.0126774847870181,0.10701178976941234,0.842393509127789,0.04761525573315282,0.5218255578093306,0.04026576489392183,0.6591984690094748,0.023560081300605964,1021.4,0.8944271909999222,675.4,26.894237300953527,88.486,7.521584274605986,0.08662,0.007390669793733177,1624.2440000000001,223.7525647450774,2.41392,0.4068064920819233,1712.732,230.38833677076636,2.50052,0.413875424493893
REINVENT,VEGFR2,0.015938724830779967,0.0016148417838594549,1.0,0.0,0.696114177192545,0.011662986001947985,0.9278431372549019,0.07647561572211692,0.6353732330541607,0.05016112852151392,2.8559831625966585,0.16015077771001768,1.0,0.0,0.9714285714285713,0.06388765649999402,0.9857142857142858,0.031943828249996996,0.9857142857142858,0.031943828249996996,0.9615686274509804,0.05884966739546375,1.0,0.0,0.0,0.0,0.0,0.0,0.21842301942614303,0.013148300344838614,0.015938724830779967,0.0016148417838594549,0.9714285714285713,0.06388765649999402,0.6353732330541607,0.05016112852151392,2.8559831625966585,0.16015077771001768,0.23935347856640904,0.5352106487255296,0.23935347856640904,0.5352106487255296,0.23935347856640904,0.5352106487255296,-0.45888966971187617,0.9525876200379431,-0.5245959241040056,0.9762362003287497,-0.5245959241040056,0.9762362003287497,0.008943266696681721,0.01999775227469032,1.0,0.0,127.8,283.5334195469733,1016.4,12.421755109484321,0.23935347856640904,0.5352106487255296,0.23935347856640904,0.5352106487255296,0.23935347856640904,0.5352106487255296,0.009100787906662904,0.020349980408106264,1016.4,12.421755109484321,15.8,2.387467277262665,44.977999999999994,4.01182252847755,0.044219999999999995,0.0034816662677516915,339.834,54.58975251821538,21.66626,2.9943965891311066,384.812,57.82573795465128,21.71048,2.9970464948011744
