config_file,target_id,pdb_id,doc_id,assay_id,fragment_smiles,status,n_compounds_total,n_compounds_standardized,n_compounds_matched_2d,n_compounds_docked,n_conformers_docked,n_valid_poses,runtime_seconds,success_rate_2d,success_rate_rmsd,workflow_key,best_any_n_points,best_any_pearson,best_any_spearman,best_any_r2,rmsd_n_points,rmsd_pearson,rmsd_spearman,rmsd_r2,pct_failed_to_match
generated_configs/CHEMBL2911_1NHX_CHEMBL1145376_CHEMBL889299.yaml,CHEMBL2911,1NHX,CHEMBL1145376,CHEMBL889299,CN1C(=O)N(CC2=CC=CC=C2F)C(=O)C2=C1N=C(CC1=CC=C(N)C=C1)N2,SUCCESS,21,21,21,96,0,96,139.97009873390198,100.0,100.0,CHEMBL2911_1NHX_CHEMBL1145376_CHEMBL889299,21.0,-0.7584918607341181,-0.7593374872715529,0.5753099027999048,21.0,-0.8221876579321439,-0.8665151480070586,0.6759925448559441,0.0
generated_configs/CHEMBL284_2HHA_CHEMBL1137276_CHEMBL856512.yaml,CHEMBL284,2HHA,CHEMBL1137276,CHEMBL856512,CC(C)C(N)C(=O)N1CCCC1,SUCCESS,36,36,36,38,0,37,92.4138684272766,100.0,97.37,CHEMBL284_2HHA_CHEMBL1137276_CHEMBL856512,36.0,-0.8184515086841316,-0.8657737997504075,0.6698628720673312,36.0,-0.8087579343474575,-0.8481259779135073,0.6540893963699663,0.0
generated_configs/CHEMBL4630_2R0U_CHEMBL1140535_CHEMBL924433.yaml,CHEMBL4630,2R0U,CHEMBL1140535,CHEMBL924433,O=C1NC=CC2=C1C1=C(C=CC=C1)C=C2,SUCCESS,44,44,44,108,0,83,60.81929969787598,100.0,76.85,CHEMBL4630_2R0U_CHEMBL1140535_CHEMBL924433,44.0,-0.8448647483192245,-0.8377987815089378,0.7137964429525067,44.0,-0.8478175740126954,-0.8363181356506009,0.7187946388047722,0.0
generated_configs/CHEMBL2911_2GMV_CHEMBL1145376_CHEMBL889299.yaml,CHEMBL2911,2GMV,CHEMBL1145376,CHEMBL889299,CN1C(=O)N(CC2=CC=CC=C2F)C(=O)C2=C1N=C(CC1=CC=C(N)C=C1)N2,SUCCESS,21,21,21,96,0,94,166.15497946739197,100.0,97.92,CHEMBL2911_2GMV_CHEMBL1145376_CHEMBL889299,21.0,-0.8067848515357444,-0.8128654970760234,0.6509017966675532,21.0,-0.8186540377634592,-0.8330084470435347,0.6701944335464154,0.0
generated_configs/CHEMBL2959_3QGW_CHEMBL1765075_CHEMBL1768448.yaml,CHEMBL2959,3QGW,CHEMBL1765075,CHEMBL1768448,CC1=CNC(=O)C=C1,SUCCESS,22,22,22,60,0,60,54.705161571502686,100.0,100.0,CHEMBL2959_3QGW_CHEMBL1765075_CHEMBL1768448,22.0,-0.7645261868405088,-0.8293786634394219,0.5845002903648885,22.0,-0.7645261868405088,-0.8293786634394219,0.5845002903648885,0.0
generated_configs/CHEMBL3975_5PZS_CHEMBL1155936_CHEMBL974537.yaml,CHEMBL3975,5PZS,CHEMBL1155936,CHEMBL974537,CNC(=O)NS(=O)(=O)C1=CC=CC=C1,SUCCESS,25,25,25,25,0,25,108.9242594242096,100.0,100.0,CHEMBL3975_5PZS_CHEMBL1155936_CHEMBL974537,25.0,-0.6803751212902254,-0.7262935314193786,0.4629103056706888,25.0,-0.7954879302836502,-0.8116945716604285,0.6328010472269655,0.0
generated_configs/CHEMBL2652_5TZH_CHEMBL4007409_CHEMBL4008514.yaml,CHEMBL2652,5TZH,CHEMBL4007409,CHEMBL4008514,C1=CN2N=CN=C2N=C1,SUCCESS,24,24,24,24,0,21,42.22785425186157,100.0,87.5,CHEMBL2652_5TZH_CHEMBL4007409_CHEMBL4008514,24.0,-0.3934532068989169,-0.5279652920674324,0.1548054260190419,21.0,-0.757386661394863,-0.8092301538738363,0.5736345548588568,0.0
generated_configs/CHEMBL3975_2JJK_CHEMBL1155936_CHEMBL974537.yaml,CHEMBL3975,2JJK,CHEMBL1155936,CHEMBL974537,CNC(=O)NS(=O)(=O)C1=CC=CC=C1,SUCCESS,25,25,25,25,0,25,102.89766335487366,100.0,100.0,CHEMBL3975_2JJK_CHEMBL1155936_CHEMBL974537,25.0,-0.7311117056090947,-0.7981527952260464,0.5345243260786395,25.0,-0.7311117056090947,-0.7981527952260464,0.5345243260786395,0.0
generated_configs/CHEMBL279_3VHE_CHEMBL1250545_CHEMBL1250641.yaml,CHEMBL279,3VHE,CHEMBL1250545,CHEMBL1250641,C1=CC2=C(C=NC=N2)N1,SUCCESS,24,24,24,28,0,28,45.88540816307068,100.0,100.0,CHEMBL279_3VHE_CHEMBL1250545_CHEMBL1250641,24.0,-0.8217834776070958,-0.7921739130434783,0.6753280840680121,24.0,-0.8217834776070958,-0.7921739130434783,0.6753280840680121,0.0
generated_configs/CHEMBL2959_3QGY_CHEMBL1765075_CHEMBL1768448.yaml,CHEMBL2959,3QGY,CHEMBL1765075,CHEMBL1768448,CC1=CNC(=O)C=C1,SUCCESS,22,22,22,60,0,60,52.33019685745239,100.0,100.0,CHEMBL2959_3QGY_CHEMBL1765075_CHEMBL1768448,22.0,-0.7742548733179192,-0.7824860005882829,0.5994706088565471,22.0,-0.7742548733179192,-0.7824860005882829,0.5994706088565471,0.0
generated_configs/CHEMBL4523304_6I18_CHEMBL4400540_CHEMBL4401536.yaml,CHEMBL4523304,6I18,CHEMBL4400540,CHEMBL4401536,NCC1=CC=CC=C1,SUCCESS,22,22,22,26,0,26,54.59740233421326,100.0,100.0,CHEMBL4523304_6I18_CHEMBL4400540_CHEMBL4401536,22.0,-0.7484846395125854,-0.7739474736777354,0.5602292555862849,22.0,-0.750912742899754,-0.7756428679245649,0.563869947449232,0.0
generated_configs/CHEMBL260_3NWW_CHEMBL1255531_CHEMBL1259851.yaml,CHEMBL260,3NWW,CHEMBL1255531,CHEMBL1259851,NC1=NC=C(C2=NC=NC=C2)S1,SUCCESS,26,26,26,84,0,64,88.41533493995667,100.0,76.19,CHEMBL260_3NWW_CHEMBL1255531_CHEMBL1259851,26.0,-0.3934525219389231,-0.5765416368379689,0.1548048870200988,26.0,-0.4993530690193887,-0.7710229894082886,0.2493534875390824,0.0
generated_configs/CHEMBL261_3W6H_CHEMBL4819110_CHEMBL4822376.yaml,CHEMBL261,3W6H,CHEMBL4819110,CHEMBL4822376,CS(N)(=O)=O,SUCCESS,32,32,23,43,0,34,48.14768385887146,71.88,79.07,CHEMBL261_3W6H_CHEMBL4819110_CHEMBL4822376,23.0,-0.7648413757631538,-0.7101556925472041,0.5849823300792738,21.0,-0.7849863452370107,-0.7658331030737048,0.6162035622085594,28.125
generated_configs/CHEMBL4523304_6I10_CHEMBL4400540_CHEMBL4401536.yaml,CHEMBL4523304,6I10,CHEMBL4400540,CHEMBL4401536,NCC1=CC=CC=C1,SUCCESS,22,22,22,26,0,26,53.19247150421143,100.0,100.0,CHEMBL4523304_6I10_CHEMBL4400540_CHEMBL4401536,22.0,-0.7394215505093815,-0.7655368453408833,0.5467442293576978,22.0,-0.7421608552564083,-0.7570622677171834,0.5508027350749234,0.0
generated_configs/CHEMBL280_3WV3_CHEMBL3352418_CHEMBL3373425.yaml,CHEMBL280,3WV3,CHEMBL3352418,CHEMBL3373425,OC1=CC=CC=C1,SUCCESS,32,32,32,105,0,92,64.09551787376404,100.0,87.62,CHEMBL280_3WV3_CHEMBL3352418_CHEMBL3373425,32.0,-0.818115314792082,-0.7769731708226336,0.6693126682973474,32.0,-0.8117698677705458,-0.7542396471836514,0.6589703182202095,0.0
generated_configs/CHEMBL2345_4NUS_CHEMBL3603810_CHEMBL3607765.yaml,CHEMBL2345,4NUS,CHEMBL3603810,CHEMBL3607765,OC1=CC=CC=C1,SUCCESS,35,35,35,55,0,43,47.08535957336426,100.0,78.18,CHEMBL2345_4NUS_CHEMBL3603810_CHEMBL3607765,35.0,-0.6328354629695828,-0.6262545673968046,0.4004807231919262,27.0,-0.7661863177442085,-0.7472864262512344,0.5870414734984293,0.0
generated_configs/CHEMBL205_6YMA_CHEMBL3763133_CHEMBL3766368.yaml,CHEMBL205,6YMA,CHEMBL3763133,CHEMBL3766368,CS(N)(=O)=O,SUCCESS,25,25,25,25,0,25,31.365301370620728,100.0,100.0,CHEMBL205_6YMA_CHEMBL3763133_CHEMBL3766368,25.0,-0.5766269220986698,-0.747161837961123,0.3324986072889854,25.0,-0.5694536407424334,-0.747161837961123,0.3242774489548124,0.0
generated_configs/CHEMBL214_8FYX_CHEMBL1138077_CHEMBL868481.yaml,CHEMBL214,8FYX,CHEMBL1138077,CHEMBL868481,CN1CCN(CCC)CC1,SUCCESS,26,26,25,25,0,23,61.188411235809326,96.15,92.0,CHEMBL214_8FYX_CHEMBL1138077_CHEMBL868481,25.0,-0.7302288770229095,-0.7002136431739817,0.5332342128381395,23.0,-0.7658136778801855,-0.7381746501321305,0.5864705892283766,3.8461538461538463
generated_configs/CHEMBL2971_4D0W_CHEMBL3400063_CHEMBL3404501.yaml,CHEMBL2971,4D0W,CHEMBL3400063,CHEMBL3404501,CC1=CC=C(Cl)C=C1,SUCCESS,25,25,25,73,0,63,48.879162073135376,100.0,86.3,CHEMBL2971_4D0W_CHEMBL3400063_CHEMBL3404501,25.0,-0.7174027654719406,-0.7511556797671798,0.5146667279067882,21.0,-0.7274096366288374,-0.737731595670585,0.5291247794604973,0.0
generated_configs/CHEMBL4282_4EJN_CHEMBL2176970_CHEMBL2186223.yaml,CHEMBL4282,4EJN,CHEMBL2176970,CHEMBL2186223,C1=CN=CC(C2=NC3=CC=CN=C3N2)=C1,SUCCESS,27,27,27,106,0,101,100.2766764163971,100.0,95.28,CHEMBL4282_4EJN_CHEMBL2176970_CHEMBL2186223,27.0,-0.7939617133556088,-0.7214165860267993,0.630375202274574,27.0,-0.8022822623771089,-0.7345443529329154,0.6436568285249321,0.0
generated_configs/CHEMBL3983_5N84_CHEMBL3407417_CHEMBL3411333.yaml,CHEMBL3983,5N84,CHEMBL3407417,CHEMBL3411333,NC(=O)C1=CC=C(C2=CN=CN2)C=C1,SUCCESS,25,25,25,112,0,101,77.65154075622559,100.0,90.18,CHEMBL3983_5N84_CHEMBL3407417_CHEMBL3411333,25.0,-0.7662133154827557,-0.662175278842709,0.5870828448230769,25.0,-0.8216861679539211,-0.7307027204903846,0.6751681586067995,0.0
generated_configs/CHEMBL3983_3WZJ_CHEMBL3407417_CHEMBL3411333.yaml,CHEMBL3983,3WZJ,CHEMBL3407417,CHEMBL3411333,NC(=O)C1=CC=C(C2=CN=CN2)C=C1,SUCCESS,25,25,25,112,0,108,80.37083625793457,100.0,96.43,CHEMBL3983_3WZJ_CHEMBL3407417_CHEMBL3411333,25.0,-0.9037088508166322,-0.7283928067269799,0.816689687044318,25.0,-0.9037088508166322,-0.7283928067269799,0.816689687044318,0.0
generated_configs/CHEMBL2652_5TZA_CHEMBL4007409_CHEMBL4008514.yaml,CHEMBL2652,5TZA,CHEMBL4007409,CHEMBL4008514,C1=CN2N=CN=C2N=C1,SUCCESS,24,24,24,24,0,23,41.54340577125549,100.0,95.83,CHEMBL2652_5TZA_CHEMBL4007409_CHEMBL4008514,24.0,-0.4033726273265346,-0.5364527802746168,0.1627094764763113,23.0,-0.709103846674821,-0.7264409617992175,0.502828265369028,0.0
generated_configs/CHEMBL204_1MU6_CHEMBL1145961_CHEMBL816574.yaml,CHEMBL204,1MU6,CHEMBL1145961,CHEMBL816574,CCCNC1=NC=CN(CC(=O)NCC)C1=O,SUCCESS,30,30,30,76,0,70,69.10572600364685,100.0,92.11,CHEMBL204_1MU6_CHEMBL1145961_CHEMBL816574,30.0,-0.5430680798115481,-0.6908524542356951,0.294922939310202,30.0,-0.6291992964211913,-0.7246022435546026,0.3958917546169221,0.0
generated_configs/CHEMBL284_4G1F_CHEMBL2157947_CHEMBL2162559.yaml,CHEMBL284,4G1F,CHEMBL2157947,CHEMBL2162559,CC1=CC=CC=C1,SUCCESS,21,21,21,55,0,51,79.95245885848999,100.0,92.73,CHEMBL284_4G1F_CHEMBL2157947_CHEMBL2162559,21.0,-0.7065872588052484,-0.7430984477661732,0.4992655543059151,19.0,-0.671589091178871,-0.7161036231282066,0.4510319073904619,0.0
generated_configs/CHEMBL5465521_7UFV_CHEMBL5380828_CHEMBL5383577.yaml,CHEMBL5465521,7UFV,CHEMBL5380828,CHEMBL5383577,CCC(NC(=O)C1=CNN=C1C1=CC=CC=C1)C1=CC=CC=C1,SUCCESS,24,24,24,47,0,47,43.63417005538941,100.0,100.0,CHEMBL5465521_7UFV_CHEMBL5380828_CHEMBL5383577,24.0,-0.8626122692847344,-0.7156542734393782,0.7440999271205592,24.0,-0.8626122692847344,-0.7156542734393782,0.7440999271205592,0.0
generated_configs/CHEMBL2815_6D1Y_CHEMBL4308832_CHEMBL4309191.yaml,CHEMBL2815,6D1Y,CHEMBL4308832,CHEMBL4309191,CC1=NN(C2=CC=CC=C2)C(NC(=O)C2=CC=CC=C2Cl)=C1,SUCCESS,24,24,24,27,0,26,42.30553960800171,100.0,96.3,CHEMBL2815_6D1Y_CHEMBL4308832_CHEMBL4309191,24.0,-0.7514523755351771,-0.6458560083201119,0.5646806726974608,23.0,-0.6789925070350372,-0.7134025717111769,0.461030824609725,0.0
generated_configs/CHEMBL2000_6O1S_CHEMBL3886577_CHEMBL3888103.yaml,CHEMBL2000,6O1S,CHEMBL3886577,CHEMBL3888103,CC(=O)NCC1=C(C)N=C(N)C=C1,SUCCESS,180,180,178,405,0,353,182.41364812850952,98.89,87.16,CHEMBL2000_6O1S_CHEMBL3886577_CHEMBL3888103,178.0,-0.6879038361369736,-0.7037497307885707,0.4732116877719642,176.0,-0.6867076791387873,-0.7117112358012112,0.4715674365881796,1.1111111111111112
generated_configs/CHEMBL3820_4ISG_CHEMBL2346600_CHEMBL2353001.yaml,CHEMBL3820,4ISG,CHEMBL2346600,CHEMBL2353001,CCC(=O)NC1=NC=CS1,SUCCESS,48,48,48,64,0,58,66.03430318832397,100.0,90.62,CHEMBL3820_4ISG_CHEMBL2346600_CHEMBL2353001,48.0,-0.7544304396968526,-0.7467931220751424,0.5691652883411864,46.0,-0.70992721975269,-0.7023145279601418,0.5039966573457842,0.0
generated_configs/CHEMBL4361_6U65_CHEMBL4342462_CHEMBL4344313.yaml,CHEMBL4361,6U65,CHEMBL4342462,CHEMBL4344313,NC1=CC=CC=C1C(=O)O,SUCCESS,27,27,27,27,0,25,51.48351001739502,100.0,92.59,CHEMBL4361_6U65_CHEMBL4342462_CHEMBL4344313,27.0,-0.6716497481227383,-0.7171424293596917,0.4511133841533377,25.0,-0.6901059859372087,-0.6989805861170608,0.4762462718263669,0.0
