smiles,qed,sa,is_novel,has_fragment,passes_medchem
Cc1nc2ccc(CN(C)c3ccc(C(=O)N[C@@H](CCC(=O)O)C(=O)O)s3)cc2c(=O)[nH]1,0.3796834810105909,3.1736920860425695,true,true,true
Cc1nc2ccc(CN(C)c3ccc(C(=O)N[C@H](CCC(=O)O)C(=O)O)s3)cc2c(=O)[nH]1,0.3796834810105909,3.1736920860425695,true,true,true
COC(=O)CC[C@H](NC(=O)c1ccc(N(C)Cc2ccc3[nH]c(C)nc(=O)c3c2)s1)C(=O)OC,0.44014024210749914,3.2222497934569407,true,true,true
CCOC(=O)CC[C@H](NC(=O)c1ccc(N(C)Cc2ccc3nc(C)[nH]c(=O)c3c2)s1)C(=O)OCC,0.37364017142944206,3.270395411151892,true,true,true
CCOC(=O)CC[C@@H](NC(=O)c1ccc(N(C)Cc2ccc3nc(C)[nH]c(=O)c3c2)s1)C(=O)OCC,0.37364017142944206,3.270395411151892,true,true,true
Cc1nc2ccc(CN(C)c3ccc(C(=O)NCC(=O)O)s3)cc2c(=O)[nH]1,0.5943871935230827,2.6825825772226377,true,true,true
Cc1nc2ccc(CN(C)c3ccc(C(=O)NCCCC(=O)O)s3)cc2c(=O)[nH]1,0.48801689343815335,2.6716785967349015,true,true,true
Cc1nc(=O)c2cc(CN(C)c3ccc(C(=O)NCCc4nn[nH]n4)s3)ccc2[nH]1,0.40852887068470045,2.9175772527739703,true,true,true
Cc1nc(=O)c2cc(CN(C)c3ccc(C(=O)NCCCc4nn[nH]n4)s3)ccc2[nH]1,0.3573687101093518,2.9208917762039555,true,true,true
Cc1nc(=O)c2cc(CN(C)c3ccc(C(=O)N[C@@H](CCc4nn[nH]n4)C(=O)O)s3)ccc2[nH]1,0.2741178489418986,3.43833031718853,true,true,true
Cc1nc(=O)c2cc(CN(C)c3ccc(C(=O)N[C@H](CCc4nn[nH]n4)C(=O)O)s3)ccc2[nH]1,0.2741178489418986,3.43833031718853,true,true,true
Cc1nc2ccc(CN(C)c3ccc(C(=O)N[C@H](CCC(=O)O)c4nnn[nH]4)s3)cc2c(=O)[nH]1,0.2775424983894466,3.616253394111607,true,true,true
Cc1nc2ccc(CN(C)c3ccc(C(=O)N[C@@H](CCC(=O)O)c4nnn[nH]4)s3)cc2c(=O)[nH]1,0.2775424983894466,3.616253394111607,true,true,true
Cc1nc(=O)c2cc(CN(C)c3ccc(C(=O)NCCCS(N)(=O)=O)s3)ccc2[nH]1,0.44370884981470626,2.8048805202266074,true,true,true
Cc1nc(=O)c2cc(CN(C)c3ccc(C(=O)NCCNS(C)(=O)=O)s3)ccc2[nH]1,0.44418452644676953,2.7736666184657164,true,true,true
Cc1nc2ccc(CN(C)c3ccc(C(=O)NCCCS(=O)c4ccccc4O)s3)cc2c(=O)[nH]1,0.2966929062628688,3.4875122386037916,true,true,true
Cc1nc(=O)c2cc(CN(C)c3ccc(C(=O)NCc4nsc(=O)[nH]4)s3)ccc2[nH]1,0.41962424578432056,3.205828964864887,true,true,true
Cc1nc2ccc(CN(C)c3ccc(C(=O)NCCN4C(=O)NC(=O)[C@H]4C)s3)cc2c(=O)[nH]1,0.4521697254847927,3.4709163571201547,true,true,true
Cc1nc2ccc(CN(C)c3ccc(C(=O)NCc4ccccn4)s3)cc2c(=O)[nH]1,0.5006214891680868,2.6670858395360444,true,true,true
Cc1nc2ccc(CN(C)c3ccc(C(=O)NCc4cccc(C(=O)O)c4)s3)cc2c(=O)[nH]1,0.3868511547982226,2.6319452637604037,true,true,true
Cc1nc2ccc(CN(C)c3ccc(C(=O)Nc4n[nH]c5ccccc45)s3)cc2c(=O)[nH]1,0.37902091282271716,2.790606558449449,true,true,true
Cc1nc2ccc(CN(C)c3ccc(C(=O)N4CCc5ccc(C(=O)O)cc5C4)s3)cc2c(=O)[nH]1,0.44231774490095965,2.818718258593524,true,true,true
Cc1nc2ccc(CN(C)c3ccc(C(=O)NCc4cc(=O)[nH]c(=O)[nH]4)s3)cc2c(=O)[nH]1,0.3464697944943041,2.9795063577805525,true,true,true
Cc1nc(=O)c2cc(CN(C)c3cccc(C(=O)N[C@@H](CCC(=O)O)C(=O)O)c3)ccc2[nH]1,0.3841017979963657,2.890590608287045,true,true,true
CCOC(=O)CC[C@H](NC(=O)c1cccc(N(C)Cc2ccc3[nH]c(C)nc(=O)c3c2)c1)C(=O)OCC,0.37824561041487037,3.0256251835749026,true,true,true
Cc1nc(=O)c2cc(CN(C)c3ccc(C(=O)NCCCS(C)(=N)=O)cc3)ccc2[nH]1,0.464469948176235,3.0907285992086972,true,true,true
Cc1nc(=O)c2cc(CN(C)c3ccc(C(=O)Nc4n[nH]c5ccccc45)cc3)ccc2[nH]1,0.38457738968221583,2.482026146612693,true,true,true
Cc1nc(=O)c2cc(CN(C)c3ccc(C(=O)N[C@]4(C(=O)O)CCC[C@@H](C(=O)O)C4)cc3)ccc2[nH]1,0.39274399043562946,3.472671462152065,true,true,true
Cc1nc(=O)c2cc(CN(C)c3ccc(C(=O)N[C@]4(C(=O)O)CCC[C@H](C(=O)O)C4)cc3)ccc2[nH]1,0.39274399043562946,3.472671462152065,true,true,true
Cc1nc(=O)c2cc(CN(C)c3ccc(C(=O)N[C@]4(C(=O)O)CC[C@H](C(=O)O)C4)cc3)ccc2[nH]1,0.40357119289999055,3.476338575668416,true,true,true
Cc1nc(=O)c2cc(CN(C)c3ccc(C(=O)N4CCCS(=N)(=O)CC4)cc3)ccc2[nH]1,0.6311734408755157,3.2788401979306805,true,true,true
C#CCN(Cc1ccc2[nH]c(C)nc(=O)c2c1)c1ccc(C(=O)N[C@@H](CCC(=O)O)C(=O)O)cc1,0.32389636885363987,3.098507696753888,true,true,true
C#CCN(Cc1ccc2[nH]c(C)nc(=O)c2c1)c1ccc(C(=O)N[C@@H](CCC(=O)OC)C(=O)OC)cc1,0.31710700198873487,3.1852014345084356,true,true,true
C#CCN(Cc1ccc2[nH]c(C)nc(=O)c2c1)c1ccc(C(=O)N[C@H](CCC(=O)OC)C(=O)OC)cc1,0.31710700198873487,3.1852014345084356,true,true,true
C#CCN(Cc1ccc2[nH]c(C)nc(=O)c2c1)c1ccc(C(=O)N[C@@H](CCC(=O)OCC)C(=O)OCC)cc1,0.269018629588265,3.218788533586684,true,true,true
Cc1nc(=O)c2cc(CN(C)c3sc(C(=O)N[C@@H](CCC(=O)O)C(=O)O)cc3F)ccc2[nH]1,0.36637122382944676,3.3601841163174786,true,true,true
CCN(Cc1ccc2nc(C)[nH]c(=O)c2c1)c1ccc(C(=O)NC(CCC(=O)O)C(=O)O)s1,0.35080628084561377,3.2052771678812997,true,true,true
C#CCN(Cc1ccc2nc(C)[nH]c(=O)c2c1)c1ccc(C(=O)N[C@@H](CCC(=O)O)C(=O)O)s1,0.32013468453883254,3.4184188605600516,true,true,true
C=CCN(Cc1ccc2nc(C)[nH]c(=O)c2c1)c1ccc(C(=O)N[C@H](CCC(=O)O)C(=O)O)s1,0.30299071116400184,3.348494310641886,true,true,true
CCN(Cc1ccc2[nH]c(C)nc(=O)c2c1)c1cnc(C(=O)N[C@@H](CCC(=O)O)C(=O)O)s1,0.34308052352107926,3.356143947255772,true,true,true
C=CCN(Cc1ccc2[nH]c(C)nc(=O)c2c1)c1cnc(C(=O)N[C@@H](CCC(=O)O)C(=O)O)s1,0.2968375371827452,3.494546192802277,true,true,true
C#CCN(Cc1ccc2nc(C)[nH]c(=O)c2c1)c1cnc(C(=O)N[C@@H](CCC(=O)O)C(=O)O)s1,0.31160089474594116,3.5926874366647983,true,true,true
C#CCN(Cc1ccc2[nH]c(C)nc(=O)c2c1)c1cc(F)c(C(=O)N[C@H](CCC(=O)O)C(=O)O)c(F)c1,0.3017972145338055,3.3913600307713487,true,true,true
C#CCN(Cc1ccc2nc(C)[nH]c(=O)c2c1)c1ccc(C(=O)N[C@H](CCC(=O)O)C(=O)O)cc1,0.32389636885363987,3.125851709442231,true,true,true
C#CCN(Cc1ccc2[nH]c(C)nc(=O)c2c1)c1ccc(C(=O)N[C@@H](CCC(=O)O)C(=O)O)c(Cl)c1,0.3035043292974204,3.2147860545085347,true,true,true
Cc1nc2ccc(CN(C)c3ccc(C(=O)NC(CCC(=O)O)C(=O)O)cc3)cc2c(=O)[nH]1,0.3841017979963657,2.881301512767182,true,true,true
C#CCN(Cc1ccc2[nH]c(C)nc(=O)c2c1)c1ccc(C(=O)NC(CCC(=O)O)C(=O)O)cc1,0.32389636885363987,3.098507696753888,true,true,true
C#CCN(Cc1ccc2[nH]c(C)nc(=O)c2c1)c1ccc(C(=O)N[C@H](CSCCC(=O)O)C(=O)O)cc1,0.207216870389053,3.295255504710078,true,true,true
Cc1nc2ccc(CN(C)c3ccc(C(=O)NC(C(=O)O)C(C)CC(=O)O)cc3)cc2c(=O)[nH]1,0.3742594278116925,3.2813445170720783,true,true,true
C#CCN(Cc1ccc2nc(C)[nH]c(=O)c2c1)c1ccc(C(=O)N[C@@H](CCCC(=O)O)C(=O)O)cc1,0.29883708700628125,3.1645000265365066,true,true,true
C#CCN(Cc1ccc2nc(C)[nH]c(=O)c2c1)c1ccc(C(=O)N[C@@H](CC(=O)NCC(=O)O)C(=O)O)cc1,0.22711955075547813,3.2555766202237653,true,true,true
C#CCN(Cc1cc(Cl)c2nc(C)[nH]c(=O)c2c1)c1ccc(C(=O)N[C@H](CCC(=O)O)C(=O)O)cc1,0.3035043292974204,3.264809830732312,true,true,true
Cc1nc2ccc(CN(C)c3ccc(C(=O)NC(CCC(=O)O)CC(=O)O)cc3)cc2c(=O)[nH]1,0.35507381844976216,3.020213786910297,true,true,true
C#CCN(Cc1ccc2nc(C)[nH]c(=O)c2c1)c1ccc(C(=O)N[C@@H](CCC(=O)O)C(=O)O)c(N)c1,0.2074919161595707,3.3113594810819613,true,true,true
Cc1nc2ccc(CNc3ccc(C(=O)N[C@@H](CCC(=O)O)C(=O)O)cc3F)cc2c(=O)[nH]1,0.326710948330142,2.881360853426523,true,true,true
C#CCN(Cc1ccc2nc(C)[nH]c(=O)c2c1)c1ccc(C(=O)N[C@@H](CCC(=O)O)C(=O)O)c(O)c1,0.26360412071212125,3.2849077328302148,true,true,true
C#CCN(Cc1ccc2[nH]c(C)nc(=O)c2c1)C(=O)NC(CSCC(N)=O)c1cccc([N+](=O)[O-])c1,0.21461354581131298,3.5162795649980456,true,true,true
C#CCN(Cc1ccc2[nH]c(C)nc(=O)c2c1)c1ccc(C(=O)N[C@H](c2nc(C)cs2)C(C)C)cc1,0.34114423000699967,3.335425298432927,true,true,true
C#CCN(Cc1ccc2[nH]c(C)nc(=O)c2c1)c1ccc(C(=O)N[C@@H](c2nc(C)cs2)C(C)C)cc1,0.34114423000699967,3.335425298432927,true,true,true
CCN(Cc1ccc2[nH]c(C)nc(=O)c2c1)c1ccc(C(=O)N[C@H](C(=O)O)C(C)C)cc1,0.49979613273128043,2.8406794986299797,true,true,true
