smiles,molskill_score
Cc1nc2ccc(CN(C)c3ccc(C(=O)N[C@@H](CCC(=O)O)C(=O)O)s3)cc2c(=O)[nH]1,4.350813388824463
Cc1nc2ccc(CN(C)c3ccc(C(=O)N[C@H](CCC(=O)O)C(=O)O)s3)cc2c(=O)[nH]1,4.350813388824463
COC(=O)CC[C@H](NC(=O)c1ccc(N(C)Cc2ccc3[nH]c(C)nc(=O)c3c2)s1)C(=O)OC,-2.0497989654541016
CCOC(=O)CC[C@H](NC(=O)c1ccc(N(C)Cc2ccc3nc(C)[nH]c(=O)c3c2)s1)C(=O)OCC,5.1677632331848145
CCOC(=O)CC[C@@H](NC(=O)c1ccc(N(C)Cc2ccc3nc(C)[nH]c(=O)c3c2)s1)C(=O)OCC,5.1677632331848145
Cc1nc2ccc(CN(C)c3ccc(C(=O)NCC(=O)O)s3)cc2c(=O)[nH]1,5.079151630401611
Cc1nc2ccc(CN(C)c3ccc(C(=O)NCCCC(=O)O)s3)cc2c(=O)[nH]1,1.4074939489364624
Cc1nc(=O)c2cc(CN(C)c3ccc(C(=O)NCCc4nn[nH]n4)s3)ccc2[nH]1,4.667496204376221
Cc1nc(=O)c2cc(CN(C)c3ccc(C(=O)NCCCc4nn[nH]n4)s3)ccc2[nH]1,6.861804485321045
Cc1nc(=O)c2cc(CN(C)c3ccc(C(=O)N[C@@H](CCc4nn[nH]n4)C(=O)O)s3)ccc2[nH]1,7.934428691864014
Cc1nc(=O)c2cc(CN(C)c3ccc(C(=O)N[C@H](CCc4nn[nH]n4)C(=O)O)s3)ccc2[nH]1,7.934428691864014
Cc1nc2ccc(CN(C)c3ccc(C(=O)N[C@H](CCC(=O)O)c4nnn[nH]4)s3)cc2c(=O)[nH]1,4.361608505249023
Cc1nc2ccc(CN(C)c3ccc(C(=O)N[C@@H](CCC(=O)O)c4nnn[nH]4)s3)cc2c(=O)[nH]1,4.361608505249023
Cc1nc(=O)c2cc(CN(C)c3ccc(C(=O)NCCCS(N)(=O)=O)s3)ccc2[nH]1,-9.293549537658691
Cc1nc(=O)c2cc(CN(C)c3ccc(C(=O)NCCNS(C)(=O)=O)s3)ccc2[nH]1,-9.537683486938477
Cc1nc2ccc(CN(C)c3ccc(C(=O)NCCCS(=O)c4ccccc4O)s3)cc2c(=O)[nH]1,-0.7968366742134094
Cc1nc(=O)c2cc(CN(C)c3ccc(C(=O)NCc4nsc(=O)[nH]4)s3)ccc2[nH]1,0.21374404430389404
Cc1nc2ccc(CN(C)c3ccc(C(=O)NCCN4C(=O)NC(=O)[C@H]4C)s3)cc2c(=O)[nH]1,1.8387812376022339
Cc1nc2ccc(CN(C)c3ccc(C(=O)NCc4ccccn4)s3)cc2c(=O)[nH]1,-4.473437309265137
Cc1nc2ccc(CN(C)c3ccc(C(=O)NCc4cccc(C(=O)O)c4)s3)cc2c(=O)[nH]1,3.655613422393799
Cc1nc2ccc(CN(C)c3ccc(C(=O)Nc4n[nH]c5ccccc45)s3)cc2c(=O)[nH]1,3.8331828117370605
Cc1nc2ccc(CN(C)c3ccc(C(=O)N4CCc5ccc(C(=O)O)cc5C4)s3)cc2c(=O)[nH]1,0.4404057264328003
Cc1nc2ccc(CN(C)c3ccc(C(=O)NCc4cc(=O)[nH]c(=O)[nH]4)s3)cc2c(=O)[nH]1,5.206812381744385
Cc1nc(=O)c2cc(CN(C)c3cccc(C(=O)N[C@@H](CCC(=O)O)C(=O)O)c3)ccc2[nH]1,-1.5344451665878296
CCOC(=O)CC[C@H](NC(=O)c1cccc(N(C)Cc2ccc3[nH]c(C)nc(=O)c3c2)c1)C(=O)OCC,0.6652830839157104
Cc1nc(=O)c2cc(CN(C)c3ccc(C(=O)NCCCS(C)(=N)=O)cc3)ccc2[nH]1,-3.684844970703125
Cc1nc(=O)c2cc(CN(C)c3ccc(C(=O)Nc4n[nH]c5ccccc45)cc3)ccc2[nH]1,-0.24017798900604248
Cc1nc(=O)c2cc(CN(C)c3ccc(C(=O)N[C@]4(C(=O)O)CCC[C@@H](C(=O)O)C4)cc3)ccc2[nH]1,4.512546539306641
Cc1nc(=O)c2cc(CN(C)c3ccc(C(=O)N[C@]4(C(=O)O)CCC[C@H](C(=O)O)C4)cc3)ccc2[nH]1,4.512546539306641
Cc1nc(=O)c2cc(CN(C)c3ccc(C(=O)N[C@]4(C(=O)O)CC[C@H](C(=O)O)C4)cc3)ccc2[nH]1,2.158763885498047
Cc1nc(=O)c2cc(CN(C)c3ccc(C(=O)N4CCCS(=N)(=O)CC4)cc3)ccc2[nH]1,-6.411564350128174
C#CCN(Cc1ccc2[nH]c(C)nc(=O)c2c1)c1ccc(C(=O)N[C@@H](CCC(=O)O)C(=O)O)cc1,-1.149208664894104
C#CCN(Cc1ccc2[nH]c(C)nc(=O)c2c1)c1ccc(C(=O)N[C@@H](CCC(=O)OC)C(=O)OC)cc1,-1.8111968040466309
C#CCN(Cc1ccc2[nH]c(C)nc(=O)c2c1)c1ccc(C(=O)N[C@H](CCC(=O)OC)C(=O)OC)cc1,-1.8111968040466309
C#CCN(Cc1ccc2[nH]c(C)nc(=O)c2c1)c1ccc(C(=O)N[C@@H](CCC(=O)OCC)C(=O)OCC)cc1,2.943488597869873
Cc1nc(=O)c2cc(CN(C)c3sc(C(=O)N[C@@H](CCC(=O)O)C(=O)O)cc3F)ccc2[nH]1,6.228694915771484
CCN(Cc1ccc2nc(C)[nH]c(=O)c2c1)c1ccc(C(=O)NC(CCC(=O)O)C(=O)O)s1,6.686917781829834
C#CCN(Cc1ccc2nc(C)[nH]c(=O)c2c1)c1ccc(C(=O)N[C@@H](CCC(=O)O)C(=O)O)s1,10.737652778625488
C=CCN(Cc1ccc2nc(C)[nH]c(=O)c2c1)c1ccc(C(=O)N[C@H](CCC(=O)O)C(=O)O)s1,8.958738327026367
CCN(Cc1ccc2[nH]c(C)nc(=O)c2c1)c1cnc(C(=O)N[C@@H](CCC(=O)O)C(=O)O)s1,1.6136850118637085
C=CCN(Cc1ccc2[nH]c(C)nc(=O)c2c1)c1cnc(C(=O)N[C@@H](CCC(=O)O)C(=O)O)s1,5.047637939453125
C#CCN(Cc1ccc2nc(C)[nH]c(=O)c2c1)c1cnc(C(=O)N[C@@H](CCC(=O)O)C(=O)O)s1,10.32538890838623
C#CCN(Cc1ccc2[nH]c(C)nc(=O)c2c1)c1cc(F)c(C(=O)N[C@H](CCC(=O)O)C(=O)O)c(F)c1,1.3652104139328003
C#CCN(Cc1ccc2nc(C)[nH]c(=O)c2c1)c1ccc(C(=O)N[C@H](CCC(=O)O)C(=O)O)cc1,2.748833179473877
C#CCN(Cc1ccc2[nH]c(C)nc(=O)c2c1)c1ccc(C(=O)N[C@@H](CCC(=O)O)C(=O)O)c(Cl)c1,1.0999797582626343
Cc1nc2ccc(CN(C)c3ccc(C(=O)NC(CCC(=O)O)C(=O)O)cc3)cc2c(=O)[nH]1,0.9961167573928833
C#CCN(Cc1ccc2[nH]c(C)nc(=O)c2c1)c1ccc(C(=O)NC(CCC(=O)O)C(=O)O)cc1,-1.149208664894104
C#CCN(Cc1ccc2[nH]c(C)nc(=O)c2c1)c1ccc(C(=O)N[C@H](CSCCC(=O)O)C(=O)O)cc1,-1.1334929466247559
Cc1nc2ccc(CN(C)c3ccc(C(=O)NC(C(=O)O)C(C)CC(=O)O)cc3)cc2c(=O)[nH]1,3.512211799621582
C#CCN(Cc1ccc2nc(C)[nH]c(=O)c2c1)c1ccc(C(=O)N[C@@H](CCCC(=O)O)C(=O)O)cc1,7.847161769866943
C#CCN(Cc1ccc2nc(C)[nH]c(=O)c2c1)c1ccc(C(=O)N[C@@H](CC(=O)NCC(=O)O)C(=O)O)cc1,4.624965667724609
C#CCN(Cc1cc(Cl)c2nc(C)[nH]c(=O)c2c1)c1ccc(C(=O)N[C@H](CCC(=O)O)C(=O)O)cc1,4.328521251678467
Cc1nc2ccc(CN(C)c3ccc(C(=O)NC(CCC(=O)O)CC(=O)O)cc3)cc2c(=O)[nH]1,-0.1998882293701172
C#CCN(Cc1ccc2nc(C)[nH]c(=O)c2c1)c1ccc(C(=O)N[C@@H](CCC(=O)O)C(=O)O)c(N)c1,5.317226886749268
Cc1nc2ccc(CNc3ccc(C(=O)N[C@@H](CCC(=O)O)C(=O)O)cc3F)cc2c(=O)[nH]1,7.390063762664795
C#CCN(Cc1ccc2nc(C)[nH]c(=O)c2c1)c1ccc(C(=O)N[C@@H](CCC(=O)O)C(=O)O)c(O)c1,5.623220920562744
C#CCN(Cc1ccc2[nH]c(C)nc(=O)c2c1)C(=O)NC(CSCC(N)=O)c1cccc([N+](=O)[O-])c1,10.172965049743652
C#CCN(Cc1ccc2[nH]c(C)nc(=O)c2c1)c1ccc(C(=O)N[C@H](c2nc(C)cs2)C(C)C)cc1,-1.0591182708740234
C#CCN(Cc1ccc2[nH]c(C)nc(=O)c2c1)c1ccc(C(=O)N[C@@H](c2nc(C)cs2)C(C)C)cc1,-1.0591182708740234
CCN(Cc1ccc2[nH]c(C)nc(=O)c2c1)c1ccc(C(=O)N[C@H](C(=O)O)C(C)C)cc1,-4.648838520050049
